[0.000000] (-) TimerEvent: {}
[0.000615] (edgevision_msgs) JobQueued: {'identifier': 'edgevision_msgs', 'dependencies': OrderedDict()}
[0.001126] (edgevision_ros) JobQueued: {'identifier': 'edgevision_ros', 'dependencies': OrderedDict([('edgevision_msgs', '/home/tarun/surveillance_bot/ros2/ws/install/edgevision_msgs')])}
[0.001268] (edgevision_msgs) JobStarted: {'identifier': 'edgevision_msgs'}
[0.012977] (edgevision_msgs) JobProgress: {'identifier': 'edgevision_msgs', 'progress': 'cmake'}
[0.013909] (edgevision_msgs) Command: {'cmd': ['/usr/bin/cmake', '/home/tarun/surveillance_bot/ros2/ws/src/edgevision_msgs', '-DAMENT_CMAKE_SYMLINK_INSTALL=1', '-DCMAKE_INSTALL_PREFIX=/home/tarun/surveillance_bot/ros2/ws/install/edgevision_msgs'], 'cwd': '/home/tarun/surveillance_bot/ros2/ws/build/edgevision_msgs', 'env': OrderedDict([('PYTHON_BASIC_REPL', '1'), ('LESSOPEN', '| /usr/bin/lesspipe %s'), ('LANGUAGE', 'en_IN:en'), ('USER', 'tarun'), ('XDG_SESSION_TYPE', 'wayland'), ('GIT_ASKPASS', '/usr/share/code/resources/app/extensions/git/dist/askpass.sh'), ('SHLVL', '2'), ('LD_LIBRARY_PATH', '/home/tarun/surveillance_bot/ros2/ws/install/edgevision_msgs/lib:/opt/ros/humble/opt/rviz_ogre_vendor/lib:/opt/ros/humble/lib/x86_64-linux-gnu:/opt/ros/humble/lib'), ('HOME', '/home/tarun'), ('CHROME_DESKTOP', 'code.desktop'), ('OLDPWD', '/home/tarun/surveillance_bot/ros2/ws'), ('TERM_PROGRAM_VERSION', '1.129.0'), ('DESKTOP_SESSION', 'ubuntu'), ('ROS_PYTHON_VERSION', '3'), ('GNOME_SHELL_SESSION_MODE', 'ubuntu'), ('GTK_MODULES', 'gail:atk-bridge'), ('VSCODE_GIT_ASKPASS_MAIN', '/usr/share/code/resources/app/extensions/git/dist/askpass-main.js'), ('PS1', '\\[\x1b]633;A\x07\\](.venv) \\[\x1b]633;A\x07\\]\\[\\e]0;\\u@\\h: \\w\\a\\]${debian_chroot:+($debian_chroot)}\\[\\033[01;32m\\]\\u@\\h\\[\\033[00m\\]:\\[\\033[01;34m\\]\\w\\[\\033[00m\\]\\$ \\[\x1b]633;B\x07\\]\\[\x1b]633;B\x07\\]'), ('VSCODE_GIT_ASKPASS_NODE', '/usr/share/code/code'), ('PYDEVD_DISABLE_FILE_VALIDATION', '1'), ('SYSTEMD_EXEC_PID', '1143'), ('BUNDLED_DEBUGPY_PATH', '/home/tarun/.vscode/extensions/ms-python.debugpy-2026.6.0-linux-x64/bundled/libs/debugpy'), ('VSCODE_PYTHON_AUTOACTIVATE_GUARD', '1'), ('DBUS_SESSION_BUS_ADDRESS', 'unix:path=/run/user/1000/bus'), ('COLORTERM', 'truecolor'), ('IM_CONFIG_PHASE', '1'), ('WAYLAND_DISPLAY', 'wayland-0'), ('COLCON_PREFIX_PATH', '/home/tarun/surveillance_bot/ros2/ws/install'), ('ROS_DISTRO', 'humble'), ('LOGNAME', 'tarun'), ('_', '/usr/bin/colcon'), ('ROS_VERSION', '2'), ('XDG_SESSION_CLASS', 'user'), ('USERNAME', 'tarun'), ('TERM', 'xterm-256color'), ('GNOME_DESKTOP_SESSION_ID', 'this-is-deprecated'), ('FC_FONTATIONS', '1'), ('ROS_LOCALHOST_ONLY', '0'), ('PATH', '/home/tarun/surveillance_bot/.venv/bin:/home/tarun/.config/Code/User/globalStorage/github.copilot-chat/debugCommand:/home/tarun/.config/Code/User/globalStorage/github.copilot-chat/copilotCli:/opt/ros/humble/bin:/home/tarun/.local/bin:/usr/local/sbin:/usr/local/bin:/usr/sbin:/usr/bin:/sbin:/bin:/usr/games:/usr/local/games:/snap/bin:/snap/bin:/home/tarun/.vscode/extensions/ms-python.debugpy-2026.6.0-linux-x64/bundled/scripts/noConfigScripts'), ('SESSION_MANAGER', 'local/tarun-TUF-Gaming-FX505DT-FX505DT:@/tmp/.ICE-unix/1108,unix/tarun-TUF-Gaming-FX505DT-FX505DT:/tmp/.ICE-unix/1108'), ('XDG_MENU_PREFIX', 'gnome-'), ('GNOME_TERMINAL_SCREEN', '/org/gnome/Terminal/screen/238d6e95_6302_47b1_b006_5013892b9764'), ('GNOME_SETUP_DISPLAY', ':1'), ('XDG_RUNTIME_DIR', '/run/user/1000'), ('GDK_BACKEND', 'wayland'), ('DISPLAY', ':0'), ('VSCODE_DEBUGPY_ADAPTER_ENDPOINTS', '/home/tarun/.vscode/extensions/ms-python.debugpy-2026.6.0-linux-x64/.noConfigDebugAdapterEndpoints/endpoint-67ac97aa74ea169d.txt'), ('LANG', 'en_US.UTF-8'), ('XDG_CURRENT_DESKTOP', 'ubuntu:GNOME'), ('PYTHONSTARTUP', '/home/tarun/.config/Code/User/workspaceStorage/7dc33f88aa8e1a6e0297bceb18243204/ms-python.python/pythonrc.py'), ('VIRTUAL_ENV_PROMPT', '(.venv)'), ('XMODIFIERS', '@im=ibus'), ('XDG_SESSION_DESKTOP', 'ubuntu'), ('XAUTHORITY', '/run/user/1000/.mutter-Xwaylandauth.NOGBS3'), ('LS_COLORS', 'rs=0:di=01;34:ln=01;36:mh=00:pi=40;33:so=01;35:do=01;35:bd=40;33;01:cd=40;33;01:or=40;31;01:mi=00:su=37;41:sg=30;43:ca=30;41:tw=30;42:ow=34;42:st=37;44:ex=01;32:*.tar=01;31:*.tgz=01;31:*.arc=01;31:*.arj=01;31:*.taz=01;31:*.lha=01;31:*.lz4=01;31:*.lzh=01;31:*.lzma=01;31:*.tlz=01;31:*.txz=01;31:*.tzo=01;31:*.t7z=01;31:*.zip=01;31:*.z=01;31:*.dz=01;31:*.gz=01;31:*.lrz=01;31:*.lz=01;31:*.lzo=01;31:*.xz=01;31:*.zst=01;31:*.tzst=01;31:*.bz2=01;31:*.bz=01;31:*.tbz=01;31:*.tbz2=01;31:*.tz=01;31:*.deb=01;31:*.rpm=01;31:*.jar=01;31:*.war=01;31:*.ear=01;31:*.sar=01;31:*.rar=01;31:*.alz=01;31:*.ace=01;31:*.zoo=01;31:*.cpio=01;31:*.7z=01;31:*.rz=01;31:*.cab=01;31:*.wim=01;31:*.swm=01;31:*.dwm=01;31:*.esd=01;31:*.jpg=01;35:*.jpeg=01;35:*.mjpg=01;35:*.mjpeg=01;35:*.gif=01;35:*.bmp=01;35:*.pbm=01;35:*.pgm=01;35:*.ppm=01;35:*.tga=01;35:*.xbm=01;35:*.xpm=01;35:*.tif=01;35:*.tiff=01;35:*.png=01;35:*.svg=01;35:*.svgz=01;35:*.mng=01;35:*.pcx=01;35:*.mov=01;35:*.mpg=01;35:*.mpeg=01;35:*.m2v=01;35:*.mkv=01;35:*.webm=01;35:*.webp=01;35:*.ogm=01;35:*.mp4=01;35:*.m4v=01;35:*.mp4v=01;35:*.vob=01;35:*.qt=01;35:*.nuv=01;35:*.wmv=01;35:*.asf=01;35:*.rm=01;35:*.rmvb=01;35:*.flc=01;35:*.avi=01;35:*.fli=01;35:*.flv=01;35:*.gl=01;35:*.dl=01;35:*.xcf=01;35:*.xwd=01;35:*.yuv=01;35:*.cgm=01;35:*.emf=01;35:*.ogv=01;35:*.ogx=01;35:*.aac=00;36:*.au=00;36:*.flac=00;36:*.m4a=00;36:*.mid=00;36:*.midi=00;36:*.mka=00;36:*.mp3=00;36:*.mpc=00;36:*.ogg=00;36:*.ra=00;36:*.wav=00;36:*.oga=00;36:*.opus=00;36:*.spx=00;36:*.xspf=00;36:'), ('VSCODE_GIT_IPC_HANDLE', '/run/user/1000/vscode-git-5356aa5f03.sock'), ('GNOME_TERMINAL_SERVICE', ':1.110'), ('TERM_PROGRAM', 'vscode'), ('SSH_AGENT_LAUNCHER', 'gnome-keyring'), ('SSH_AUTH_SOCK', '/run/user/1000/keyring/ssh'), ('AMENT_PREFIX_PATH', '/home/tarun/surveillance_bot/ros2/ws/install/edgevision_ros:/home/tarun/surveillance_bot/ros2/ws/install/edgevision_msgs:/opt/ros/humble'), ('SHELL', '/bin/bash'), ('QT_ACCESSIBILITY', '1'), ('GDMSESSION', 'ubuntu'), ('LESSCLOSE', '/usr/bin/lesspipe %s %s'), ('VIRTUAL_ENV', '/home/tarun/surveillance_bot/.venv'), ('VSCODE_GIT_ASKPASS_EXTRA_ARGS', ''), ('QT_IM_MODULE', 'ibus'), ('PWD', '/home/tarun/surveillance_bot/ros2/ws/build/edgevision_msgs'), ('LC_ALL', 'en_US.UTF-8'), ('XDG_CONFIG_DIRS', '/etc/xdg/xdg-ubuntu:/etc/xdg'), ('COPILOT_DEBUG_NONCE', '83c486256e58f104af75e9cc936a28cc'), ('XDG_DATA_DIRS', '/usr/share/ubuntu:/usr/local/share/:/usr/share/:/var/lib/snapd/desktop'), ('PYTHONPATH', '/home/tarun/surveillance_bot/ros2/ws/build/edgevision_ros:/home/tarun/surveillance_bot/ros2/ws/install/edgevision_ros/lib/python3.10/site-packages:/home/tarun/surveillance_bot/ros2/ws/install/edgevision_msgs/lib/python3.10/site-packages:/opt/ros/humble/lib/python3.10/site-packages:/opt/ros/humble/local/lib/python3.10/dist-packages:/home/tarun/surveillance_bot:/home/tarun/surveillance_bot'), ('COLCON', '1'), ('VTE_VERSION', '6800'), ('CMAKE_PREFIX_PATH', '/home/tarun/surveillance_bot/ros2/ws/install/edgevision_msgs:/home/tarun/surveillance_bot/ros2/ws/install/edgevision_ros:/opt/ros/humble')]), 'shell': False}
[0.099858] (-) TimerEvent: {}
[0.169283] (edgevision_msgs) StdoutLine: {'line': b'-- The C compiler identification is GNU 11.4.0\n'}
[0.199959] (-) TimerEvent: {}
[0.300274] (-) TimerEvent: {}
[0.315031] (edgevision_msgs) StdoutLine: {'line': b'-- The CXX compiler identification is GNU 11.4.0\n'}
[0.331955] (edgevision_msgs) StdoutLine: {'line': b'-- Detecting C compiler ABI info\n'}
[0.400412] (-) TimerEvent: {}
[0.433333] (edgevision_msgs) StdoutLine: {'line': b'-- Detecting C compiler ABI info - done\n'}
[0.451570] (edgevision_msgs) StdoutLine: {'line': b'-- Check for working C compiler: /usr/bin/cc - skipped\n'}
[0.452276] (edgevision_msgs) StdoutLine: {'line': b'-- Detecting C compile features\n'}
[0.453086] (edgevision_msgs) StdoutLine: {'line': b'-- Detecting C compile features - done\n'}
[0.458367] (edgevision_msgs) StdoutLine: {'line': b'-- Detecting CXX compiler ABI info\n'}
[0.500560] (-) TimerEvent: {}
[0.567295] (edgevision_msgs) StdoutLine: {'line': b'-- Detecting CXX compiler ABI info - done\n'}
[0.595834] (edgevision_msgs) StdoutLine: {'line': b'-- Check for working CXX compiler: /usr/bin/c++ - skipped\n'}
[0.596738] (edgevision_msgs) StdoutLine: {'line': b'-- Detecting CXX compile features\n'}
[0.598033] (edgevision_msgs) StdoutLine: {'line': b'-- Detecting CXX compile features - done\n'}
[0.600701] (-) TimerEvent: {}
[0.604675] (edgevision_msgs) StdoutLine: {'line': b'-- Found ament_cmake: 1.3.14 (/opt/ros/humble/share/ament_cmake/cmake)\n'}
[0.700814] (-) TimerEvent: {}
[0.801159] (-) TimerEvent: {}
[0.901530] (-) TimerEvent: {}
[1.001957] (-) TimerEvent: {}
[1.102272] (-) TimerEvent: {}
[1.202665] (-) TimerEvent: {}
[1.218724] (edgevision_msgs) StdoutLine: {'line': b'-- Found Python3: /home/tarun/surveillance_bot/.venv/bin/python3 (found version "3.10.12") found components: Interpreter \n'}
[1.302778] (-) TimerEvent: {}
[1.335190] (edgevision_msgs) StdoutLine: {'line': b'-- Override CMake install command with custom implementation using symlinks instead of copying resources\n'}
[1.402916] (-) TimerEvent: {}
[1.412719] (edgevision_msgs) StdoutLine: {'line': b'-- Found rosidl_default_generators: 1.2.1 (/opt/ros/humble/share/rosidl_default_generators/cmake)\n'}
[1.417355] (edgevision_msgs) StdoutLine: {'line': b'-- Using all available rosidl_typesupport_c: rosidl_typesupport_fastrtps_c;rosidl_typesupport_introspection_c\n'}
[1.427110] (edgevision_msgs) StdoutLine: {'line': b'-- Found rosidl_adapter: 3.1.9 (/opt/ros/humble/share/rosidl_adapter/cmake)\n'}
[1.502070] (edgevision_msgs) StdoutLine: {'line': b'-- Using all available rosidl_typesupport_cpp: rosidl_typesupport_fastrtps_cpp;rosidl_typesupport_introspection_cpp\n'}
[1.502974] (-) TimerEvent: {}
[1.565502] (edgevision_msgs) StdoutLine: {'line': b'-- Found std_msgs: 4.9.1 (/opt/ros/humble/share/std_msgs/cmake)\n'}
[1.603098] (-) TimerEvent: {}
[1.703402] (-) TimerEvent: {}
[1.803732] (-) TimerEvent: {}
[1.904041] (-) TimerEvent: {}
[2.004378] (-) TimerEvent: {}
[2.104808] (-) TimerEvent: {}
[2.153045] (edgevision_msgs) StdoutLine: {'line': b'-- Found ament_cmake_ros: 0.10.0 (/opt/ros/humble/share/ament_cmake_ros/cmake)\n'}
[2.204903] (-) TimerEvent: {}
[2.305235] (-) TimerEvent: {}
[2.405746] (-) TimerEvent: {}
[2.506254] (-) TimerEvent: {}
[2.519161] (edgevision_msgs) StdoutLine: {'line': b'-- Using all available rosidl_typesupport_c: rosidl_typesupport_fastrtps_c;rosidl_typesupport_introspection_c\n'}
[2.606360] (-) TimerEvent: {}
[2.706718] (-) TimerEvent: {}
[2.807107] (-) TimerEvent: {}
[2.907659] (-) TimerEvent: {}
[3.008020] (-) TimerEvent: {}
[3.072742] (edgevision_msgs) StdoutLine: {'line': b'-- Using all available rosidl_typesupport_cpp: rosidl_typesupport_fastrtps_cpp;rosidl_typesupport_introspection_cpp\n'}
[3.108127] (-) TimerEvent: {}
[3.141247] (edgevision_msgs) StdoutLine: {'line': b'-- Found PythonInterp: /home/tarun/surveillance_bot/.venv/bin/python3 (found suitable version "3.10.12", minimum required is "3.6") \n'}
[3.145927] (edgevision_msgs) StdoutLine: {'line': b'-- Found python_cmake_module: 0.10.0 (/opt/ros/humble/share/python_cmake_module/cmake)\n'}
[3.204057] (edgevision_msgs) StdoutLine: {'line': b'-- Found PythonLibs: /usr/lib/x86_64-linux-gnu/libpython3.10.so (found suitable version "3.10.12", minimum required is "3.5") \n'}
[3.204524] (edgevision_msgs) StdoutLine: {'line': b'-- Using PYTHON_EXECUTABLE: /home/tarun/surveillance_bot/.venv/bin/python3\n'}
[3.204740] (edgevision_msgs) StdoutLine: {'line': b'-- Using PYTHON_INCLUDE_DIRS: /usr/include/python3.10\n'}
[3.204924] (edgevision_msgs) StdoutLine: {'line': b'-- Using PYTHON_LIBRARIES: /usr/lib/x86_64-linux-gnu/libpython3.10.so\n'}
[3.208266] (-) TimerEvent: {}
[3.251754] (edgevision_msgs) StdoutLine: {'line': b'-- Found PythonExtra: .so  \n'}
[3.308363] (-) TimerEvent: {}
[3.408713] (-) TimerEvent: {}
[3.509137] (-) TimerEvent: {}
[3.555273] (edgevision_msgs) StdoutLine: {'line': b'-- Configuring done\n'}
[3.609268] (-) TimerEvent: {}
[3.624162] (edgevision_msgs) StdoutLine: {'line': b'-- Generating done\n'}
[3.642688] (edgevision_msgs) StdoutLine: {'line': b'-- Build files have been written to: /home/tarun/surveillance_bot/ros2/ws/build/edgevision_msgs\n'}
[3.652744] (edgevision_msgs) CommandEnded: {'returncode': 0}
[3.654435] (edgevision_msgs) JobProgress: {'identifier': 'edgevision_msgs', 'progress': 'build'}
[3.656128] (edgevision_msgs) Command: {'cmd': ['/usr/bin/cmake', '--build', '/home/tarun/surveillance_bot/ros2/ws/build/edgevision_msgs', '--', '-j8', '-l8'], 'cwd': '/home/tarun/surveillance_bot/ros2/ws/build/edgevision_msgs', 'env': OrderedDict([('PYTHON_BASIC_REPL', '1'), ('LESSOPEN', '| /usr/bin/lesspipe %s'), ('LANGUAGE', 'en_IN:en'), ('USER', 'tarun'), ('XDG_SESSION_TYPE', 'wayland'), ('GIT_ASKPASS', '/usr/share/code/resources/app/extensions/git/dist/askpass.sh'), ('SHLVL', '2'), ('LD_LIBRARY_PATH', '/home/tarun/surveillance_bot/ros2/ws/install/edgevision_msgs/lib:/opt/ros/humble/opt/rviz_ogre_vendor/lib:/opt/ros/humble/lib/x86_64-linux-gnu:/opt/ros/humble/lib'), ('HOME', '/home/tarun'), ('CHROME_DESKTOP', 'code.desktop'), ('OLDPWD', '/home/tarun/surveillance_bot/ros2/ws'), ('TERM_PROGRAM_VERSION', '1.129.0'), ('DESKTOP_SESSION', 'ubuntu'), ('ROS_PYTHON_VERSION', '3'), ('GNOME_SHELL_SESSION_MODE', 'ubuntu'), ('GTK_MODULES', 'gail:atk-bridge'), ('VSCODE_GIT_ASKPASS_MAIN', '/usr/share/code/resources/app/extensions/git/dist/askpass-main.js'), ('PS1', '\\[\x1b]633;A\x07\\](.venv) \\[\x1b]633;A\x07\\]\\[\\e]0;\\u@\\h: \\w\\a\\]${debian_chroot:+($debian_chroot)}\\[\\033[01;32m\\]\\u@\\h\\[\\033[00m\\]:\\[\\033[01;34m\\]\\w\\[\\033[00m\\]\\$ \\[\x1b]633;B\x07\\]\\[\x1b]633;B\x07\\]'), ('VSCODE_GIT_ASKPASS_NODE', '/usr/share/code/code'), ('PYDEVD_DISABLE_FILE_VALIDATION', '1'), ('SYSTEMD_EXEC_PID', '1143'), ('BUNDLED_DEBUGPY_PATH', '/home/tarun/.vscode/extensions/ms-python.debugpy-2026.6.0-linux-x64/bundled/libs/debugpy'), ('VSCODE_PYTHON_AUTOACTIVATE_GUARD', '1'), ('DBUS_SESSION_BUS_ADDRESS', 'unix:path=/run/user/1000/bus'), ('COLORTERM', 'truecolor'), ('IM_CONFIG_PHASE', '1'), ('WAYLAND_DISPLAY', 'wayland-0'), ('COLCON_PREFIX_PATH', '/home/tarun/surveillance_bot/ros2/ws/install'), ('ROS_DISTRO', 'humble'), ('LOGNAME', 'tarun'), ('_', '/usr/bin/colcon'), ('ROS_VERSION', '2'), ('XDG_SESSION_CLASS', 'user'), ('USERNAME', 'tarun'), ('TERM', 'xterm-256color'), ('GNOME_DESKTOP_SESSION_ID', 'this-is-deprecated'), ('FC_FONTATIONS', '1'), ('ROS_LOCALHOST_ONLY', '0'), ('PATH', '/home/tarun/surveillance_bot/.venv/bin:/home/tarun/.config/Code/User/globalStorage/github.copilot-chat/debugCommand:/home/tarun/.config/Code/User/globalStorage/github.copilot-chat/copilotCli:/opt/ros/humble/bin:/home/tarun/.local/bin:/usr/local/sbin:/usr/local/bin:/usr/sbin:/usr/bin:/sbin:/bin:/usr/games:/usr/local/games:/snap/bin:/snap/bin:/home/tarun/.vscode/extensions/ms-python.debugpy-2026.6.0-linux-x64/bundled/scripts/noConfigScripts'), ('SESSION_MANAGER', 'local/tarun-TUF-Gaming-FX505DT-FX505DT:@/tmp/.ICE-unix/1108,unix/tarun-TUF-Gaming-FX505DT-FX505DT:/tmp/.ICE-unix/1108'), ('XDG_MENU_PREFIX', 'gnome-'), ('GNOME_TERMINAL_SCREEN', '/org/gnome/Terminal/screen/238d6e95_6302_47b1_b006_5013892b9764'), ('GNOME_SETUP_DISPLAY', ':1'), ('XDG_RUNTIME_DIR', '/run/user/1000'), ('GDK_BACKEND', 'wayland'), ('DISPLAY', ':0'), ('VSCODE_DEBUGPY_ADAPTER_ENDPOINTS', '/home/tarun/.vscode/extensions/ms-python.debugpy-2026.6.0-linux-x64/.noConfigDebugAdapterEndpoints/endpoint-67ac97aa74ea169d.txt'), ('LANG', 'en_US.UTF-8'), ('XDG_CURRENT_DESKTOP', 'ubuntu:GNOME'), ('PYTHONSTARTUP', '/home/tarun/.config/Code/User/workspaceStorage/7dc33f88aa8e1a6e0297bceb18243204/ms-python.python/pythonrc.py'), ('VIRTUAL_ENV_PROMPT', '(.venv)'), ('XMODIFIERS', '@im=ibus'), ('XDG_SESSION_DESKTOP', 'ubuntu'), ('XAUTHORITY', '/run/user/1000/.mutter-Xwaylandauth.NOGBS3'), ('LS_COLORS', 'rs=0:di=01;34:ln=01;36:mh=00:pi=40;33:so=01;35:do=01;35:bd=40;33;01:cd=40;33;01:or=40;31;01:mi=00:su=37;41:sg=30;43:ca=30;41:tw=30;42:ow=34;42:st=37;44:ex=01;32:*.tar=01;31:*.tgz=01;31:*.arc=01;31:*.arj=01;31:*.taz=01;31:*.lha=01;31:*.lz4=01;31:*.lzh=01;31:*.lzma=01;31:*.tlz=01;31:*.txz=01;31:*.tzo=01;31:*.t7z=01;31:*.zip=01;31:*.z=01;31:*.dz=01;31:*.gz=01;31:*.lrz=01;31:*.lz=01;31:*.lzo=01;31:*.xz=01;31:*.zst=01;31:*.tzst=01;31:*.bz2=01;31:*.bz=01;31:*.tbz=01;31:*.tbz2=01;31:*.tz=01;31:*.deb=01;31:*.rpm=01;31:*.jar=01;31:*.war=01;31:*.ear=01;31:*.sar=01;31:*.rar=01;31:*.alz=01;31:*.ace=01;31:*.zoo=01;31:*.cpio=01;31:*.7z=01;31:*.rz=01;31:*.cab=01;31:*.wim=01;31:*.swm=01;31:*.dwm=01;31:*.esd=01;31:*.jpg=01;35:*.jpeg=01;35:*.mjpg=01;35:*.mjpeg=01;35:*.gif=01;35:*.bmp=01;35:*.pbm=01;35:*.pgm=01;35:*.ppm=01;35:*.tga=01;35:*.xbm=01;35:*.xpm=01;35:*.tif=01;35:*.tiff=01;35:*.png=01;35:*.svg=01;35:*.svgz=01;35:*.mng=01;35:*.pcx=01;35:*.mov=01;35:*.mpg=01;35:*.mpeg=01;35:*.m2v=01;35:*.mkv=01;35:*.webm=01;35:*.webp=01;35:*.ogm=01;35:*.mp4=01;35:*.m4v=01;35:*.mp4v=01;35:*.vob=01;35:*.qt=01;35:*.nuv=01;35:*.wmv=01;35:*.asf=01;35:*.rm=01;35:*.rmvb=01;35:*.flc=01;35:*.avi=01;35:*.fli=01;35:*.flv=01;35:*.gl=01;35:*.dl=01;35:*.xcf=01;35:*.xwd=01;35:*.yuv=01;35:*.cgm=01;35:*.emf=01;35:*.ogv=01;35:*.ogx=01;35:*.aac=00;36:*.au=00;36:*.flac=00;36:*.m4a=00;36:*.mid=00;36:*.midi=00;36:*.mka=00;36:*.mp3=00;36:*.mpc=00;36:*.ogg=00;36:*.ra=00;36:*.wav=00;36:*.oga=00;36:*.opus=00;36:*.spx=00;36:*.xspf=00;36:'), ('VSCODE_GIT_IPC_HANDLE', '/run/user/1000/vscode-git-5356aa5f03.sock'), ('GNOME_TERMINAL_SERVICE', ':1.110'), ('TERM_PROGRAM', 'vscode'), ('SSH_AGENT_LAUNCHER', 'gnome-keyring'), ('SSH_AUTH_SOCK', '/run/user/1000/keyring/ssh'), ('AMENT_PREFIX_PATH', '/home/tarun/surveillance_bot/ros2/ws/install/edgevision_ros:/home/tarun/surveillance_bot/ros2/ws/install/edgevision_msgs:/opt/ros/humble'), ('SHELL', '/bin/bash'), ('QT_ACCESSIBILITY', '1'), ('GDMSESSION', 'ubuntu'), ('LESSCLOSE', '/usr/bin/lesspipe %s %s'), ('VIRTUAL_ENV', '/home/tarun/surveillance_bot/.venv'), ('VSCODE_GIT_ASKPASS_EXTRA_ARGS', ''), ('QT_IM_MODULE', 'ibus'), ('PWD', '/home/tarun/surveillance_bot/ros2/ws/build/edgevision_msgs'), ('LC_ALL', 'en_US.UTF-8'), ('XDG_CONFIG_DIRS', '/etc/xdg/xdg-ubuntu:/etc/xdg'), ('COPILOT_DEBUG_NONCE', '83c486256e58f104af75e9cc936a28cc'), ('XDG_DATA_DIRS', '/usr/share/ubuntu:/usr/local/share/:/usr/share/:/var/lib/snapd/desktop'), ('PYTHONPATH', '/home/tarun/surveillance_bot/ros2/ws/build/edgevision_ros:/home/tarun/surveillance_bot/ros2/ws/install/edgevision_ros/lib/python3.10/site-packages:/home/tarun/surveillance_bot/ros2/ws/install/edgevision_msgs/lib/python3.10/site-packages:/opt/ros/humble/lib/python3.10/site-packages:/opt/ros/humble/local/lib/python3.10/dist-packages:/home/tarun/surveillance_bot:/home/tarun/surveillance_bot'), ('COLCON', '1'), ('VTE_VERSION', '6800'), ('CMAKE_PREFIX_PATH', '/home/tarun/surveillance_bot/ros2/ws/install/edgevision_msgs:/home/tarun/surveillance_bot/ros2/ws/install/edgevision_ros:/opt/ros/humble')]), 'shell': False}
[3.709388] (-) TimerEvent: {}
[3.722366] (edgevision_msgs) StdoutLine: {'line': b'[  1%] \x1b[34m\x1b[1mGenerating C code for ROS interfaces\x1b[0m\n'}
[3.739590] (edgevision_msgs) StdoutLine: {'line': b'[  2%] \x1b[34m\x1b[1mGenerating Rust code for ROS interfaces\x1b[0m\n'}
[3.745155] (edgevision_msgs) StdoutLine: {'line': b'[  4%] \x1b[34m\x1b[1mGenerating C++ code for ROS interfaces\x1b[0m\n'}
[3.755739] (edgevision_msgs) StdoutLine: {'line': b'[  4%] Built target ament_cmake_python_symlink_edgevision_msgs\n'}
[3.809524] (-) TimerEvent: {}
[3.910359] (-) TimerEvent: {}
[4.010691] (-) TimerEvent: {}
[4.067363] (edgevision_msgs) StdoutLine: {'line': b'running egg_info\n'}
[4.081505] (edgevision_msgs) StdoutLine: {'line': b'creating edgevision_msgs.egg-info\n'}
[4.081773] (edgevision_msgs) StdoutLine: {'line': b'writing edgevision_msgs.egg-info/PKG-INFO\n'}
[4.082260] (edgevision_msgs) StdoutLine: {'line': b'writing dependency_links to edgevision_msgs.egg-info/dependency_links.txt\n'}
[4.082640] (edgevision_msgs) StdoutLine: {'line': b'writing top-level names to edgevision_msgs.egg-info/top_level.txt\n'}
[4.082857] (edgevision_msgs) StdoutLine: {'line': b"writing manifest file 'edgevision_msgs.egg-info/SOURCES.txt'\n"}
[4.110789] (-) TimerEvent: {}
[4.126159] (edgevision_msgs) StdoutLine: {'line': b"reading manifest file 'edgevision_msgs.egg-info/SOURCES.txt'\n"}
[4.127560] (edgevision_msgs) StdoutLine: {'line': b"writing manifest file 'edgevision_msgs.egg-info/SOURCES.txt'\n"}
[4.175254] (edgevision_msgs) StdoutLine: {'line': b'[  4%] Built target ament_cmake_python_build_edgevision_msgs_egg\n'}
[4.210898] (-) TimerEvent: {}
[4.307221] (edgevision_msgs) StdoutLine: {'line': b'[  4%] Built target edgevision_msgs__rs\n'}
[4.311010] (-) TimerEvent: {}
[4.411324] (-) TimerEvent: {}
[4.514549] (-) TimerEvent: {}
[4.559643] (edgevision_msgs) StdoutLine: {'line': b'[  4%] Built target edgevision_msgs__cpp\n'}
[4.575860] (edgevision_msgs) StdoutLine: {'line': b'[  5%] \x1b[34m\x1b[1mGenerating C++ type support for eProsima Fast-RTPS\x1b[0m\n'}
[4.576098] (edgevision_msgs) StdoutLine: {'line': b'[  6%] \x1b[34m\x1b[1mGenerating C++ introspection for ROS interfaces\x1b[0m\n'}
[4.576564] (edgevision_msgs) StdoutLine: {'line': b'[  8%] \x1b[34m\x1b[1mGenerating C++ type support dispatch for ROS interfaces\x1b[0m\n'}
[4.614767] (-) TimerEvent: {}
[4.652793] (edgevision_msgs) StdoutLine: {'line': b'[  9%] \x1b[32mBuilding C object CMakeFiles/edgevision_msgs__rosidl_generator_c.dir/rosidl_generator_c/edgevision_msgs/msg/detail/tracked_detection__functions.c.o\x1b[0m\n'}
[4.653181] (edgevision_msgs) StdoutLine: {'line': b'[ 11%] \x1b[32mBuilding C object CMakeFiles/edgevision_msgs__rosidl_generator_c.dir/rosidl_generator_c/edgevision_msgs/msg/detail/tracked_detection_array__functions.c.o\x1b[0m\n'}
[4.653442] (edgevision_msgs) StdoutLine: {'line': b'[ 12%] \x1b[32mBuilding C object CMakeFiles/edgevision_msgs__rosidl_generator_c.dir/rosidl_generator_c/edgevision_msgs/msg/detail/detection_array__functions.c.o\x1b[0m\n'}
[4.658917] (edgevision_msgs) StdoutLine: {'line': b'[ 13%] \x1b[32mBuilding C object CMakeFiles/edgevision_msgs__rosidl_generator_c.dir/rosidl_generator_c/edgevision_msgs/msg/detail/face_detection__functions.c.o\x1b[0m\n'}
[4.666646] (edgevision_msgs) StdoutLine: {'line': b'[ 15%] \x1b[32mBuilding C object CMakeFiles/edgevision_msgs__rosidl_generator_c.dir/rosidl_generator_c/edgevision_msgs/msg/detail/detection__functions.c.o\x1b[0m\n'}
[4.715972] (-) TimerEvent: {}
[4.760610] (edgevision_msgs) StdoutLine: {'line': b'[ 16%] \x1b[32mBuilding C object CMakeFiles/edgevision_msgs__rosidl_generator_c.dir/rosidl_generator_c/edgevision_msgs/msg/detail/face_detection_array__functions.c.o\x1b[0m\n'}
[4.816368] (-) TimerEvent: {}
[4.837393] (edgevision_msgs) StdoutLine: {'line': b'[ 18%] \x1b[32m\x1b[1mLinking C shared library libedgevision_msgs__rosidl_generator_c.so\x1b[0m\n'}
[4.898436] (edgevision_msgs) StdoutLine: {'line': b'[ 18%] Built target edgevision_msgs__rosidl_generator_c\n'}
[4.915160] (edgevision_msgs) StdoutLine: {'line': b'[ 19%] \x1b[34m\x1b[1mGenerating C introspection for ROS interfaces\x1b[0m\n'}
[4.916490] (-) TimerEvent: {}
[4.917010] (edgevision_msgs) StdoutLine: {'line': b'[ 20%] \x1b[34m\x1b[1mGenerating C type support dispatch for ROS interfaces\x1b[0m\n'}
[4.920586] (edgevision_msgs) StdoutLine: {'line': b'[ 22%] \x1b[34m\x1b[1mGenerating C type support for eProsima Fast-RTPS\x1b[0m\n'}
[5.016812] (-) TimerEvent: {}
[5.118702] (-) TimerEvent: {}
[5.219054] (-) TimerEvent: {}
[5.289612] (edgevision_msgs) StdoutLine: {'line': b'[ 25%] \x1b[32mBuilding CXX object CMakeFiles/edgevision_msgs__rosidl_typesupport_introspection_cpp.dir/rosidl_typesupport_introspection_cpp/edgevision_msgs/msg/detail/detection__type_support.cpp.o\x1b[0m\n'}
[5.289839] (edgevision_msgs) StdoutLine: {'line': b'[ 25%] \x1b[32mBuilding CXX object CMakeFiles/edgevision_msgs__rosidl_typesupport_introspection_cpp.dir/rosidl_typesupport_introspection_cpp/edgevision_msgs/msg/detail/tracked_detection__type_support.cpp.o\x1b[0m\n'}
[5.289949] (edgevision_msgs) StdoutLine: {'line': b'[ 26%] \x1b[32mBuilding CXX object CMakeFiles/edgevision_msgs__rosidl_typesupport_introspection_cpp.dir/rosidl_typesupport_introspection_cpp/edgevision_msgs/msg/detail/detection_array__type_support.cpp.o\x1b[0m\n'}
[5.320519] (-) TimerEvent: {}
[5.411131] (edgevision_msgs) StdoutLine: {'line': b'[ 27%] \x1b[32mBuilding CXX object CMakeFiles/edgevision_msgs__rosidl_typesupport_cpp.dir/rosidl_typesupport_cpp/edgevision_msgs/msg/detection__type_support.cpp.o\x1b[0m\n'}
[5.423526] (-) TimerEvent: {}
[5.535767] (-) TimerEvent: {}
[5.636156] (-) TimerEvent: {}
[5.697229] (edgevision_msgs) StdoutLine: {'line': b'[ 29%] \x1b[32mBuilding CXX object CMakeFiles/edgevision_msgs__rosidl_typesupport_fastrtps_cpp.dir/rosidl_typesupport_fastrtps_cpp/edgevision_msgs/msg/detail/dds_fastrtps/detection__type_support.cpp.o\x1b[0m\n'}
[5.736268] (-) TimerEvent: {}
[5.788261] (edgevision_msgs) StdoutLine: {'line': b'[ 30%] \x1b[32mBuilding CXX object CMakeFiles/edgevision_msgs__rosidl_typesupport_c.dir/rosidl_typesupport_c/edgevision_msgs/msg/detection__type_support.cpp.o\x1b[0m\n'}
[5.836393] (-) TimerEvent: {}
[5.861282] (edgevision_msgs) StdoutLine: {'line': b'[ 31%] \x1b[32mBuilding CXX object CMakeFiles/edgevision_msgs__rosidl_typesupport_c.dir/rosidl_typesupport_c/edgevision_msgs/msg/detection_array__type_support.cpp.o\x1b[0m\n'}
[5.921554] (edgevision_msgs) StdoutLine: {'line': b'[ 33%] \x1b[32mBuilding CXX object CMakeFiles/edgevision_msgs__rosidl_typesupport_c.dir/rosidl_typesupport_c/edgevision_msgs/msg/tracked_detection__type_support.cpp.o\x1b[0m\n'}
[5.923605] (edgevision_msgs) StdoutLine: {'line': b'[ 34%] \x1b[32mBuilding CXX object CMakeFiles/edgevision_msgs__rosidl_typesupport_cpp.dir/rosidl_typesupport_cpp/edgevision_msgs/msg/detection_array__type_support.cpp.o\x1b[0m\n'}
[5.936552] (-) TimerEvent: {}
[5.989949] (edgevision_msgs) StdoutLine: {'line': b'[ 36%] \x1b[32mBuilding CXX object CMakeFiles/edgevision_msgs__rosidl_typesupport_c.dir/rosidl_typesupport_c/edgevision_msgs/msg/tracked_detection_array__type_support.cpp.o\x1b[0m\n'}
[6.036669] (-) TimerEvent: {}
[6.042118] (edgevision_msgs) StdoutLine: {'line': b'[ 37%] \x1b[32mBuilding CXX object CMakeFiles/edgevision_msgs__rosidl_typesupport_c.dir/rosidl_typesupport_c/edgevision_msgs/msg/face_detection__type_support.cpp.o\x1b[0m\n'}
[6.057187] (edgevision_msgs) StdoutLine: {'line': b'[ 38%] \x1b[32mBuilding C object CMakeFiles/edgevision_msgs__rosidl_typesupport_introspection_c.dir/rosidl_typesupport_introspection_c/edgevision_msgs/msg/detail/detection__type_support.c.o\x1b[0m\n'}
[6.096636] (edgevision_msgs) StdoutLine: {'line': b'[ 40%] \x1b[32mBuilding CXX object CMakeFiles/edgevision_msgs__rosidl_typesupport_c.dir/rosidl_typesupport_c/edgevision_msgs/msg/face_detection_array__type_support.cpp.o\x1b[0m\n'}
[6.119529] (edgevision_msgs) StdoutLine: {'line': b'[ 41%] \x1b[32mBuilding CXX object CMakeFiles/edgevision_msgs__rosidl_typesupport_fastrtps_cpp.dir/rosidl_typesupport_fastrtps_cpp/edgevision_msgs/msg/detail/dds_fastrtps/detection_array__type_support.cpp.o\x1b[0m\n'}
[6.129153] (edgevision_msgs) StdoutLine: {'line': b'[ 43%] \x1b[32mBuilding C object CMakeFiles/edgevision_msgs__rosidl_typesupport_introspection_c.dir/rosidl_typesupport_introspection_c/edgevision_msgs/msg/detail/detection_array__type_support.c.o\x1b[0m\n'}
[6.136794] (-) TimerEvent: {}
[6.145789] (edgevision_msgs) StdoutLine: {'line': b'[ 44%] \x1b[32mBuilding CXX object CMakeFiles/edgevision_msgs__rosidl_typesupport_cpp.dir/rosidl_typesupport_cpp/edgevision_msgs/msg/tracked_detection__type_support.cpp.o\x1b[0m\n'}
[6.149104] (edgevision_msgs) StdoutLine: {'line': b'[ 45%] \x1b[32m\x1b[1mLinking CXX shared library libedgevision_msgs__rosidl_typesupport_c.so\x1b[0m\n'}
[6.186438] (edgevision_msgs) StdoutLine: {'line': b'[ 47%] \x1b[32mBuilding CXX object CMakeFiles/edgevision_msgs__rosidl_typesupport_fastrtps_c.dir/rosidl_typesupport_fastrtps_c/edgevision_msgs/msg/detail/detection__type_support_c.cpp.o\x1b[0m\n'}
[6.211778] (edgevision_msgs) StdoutLine: {'line': b'[ 48%] \x1b[32mBuilding C object CMakeFiles/edgevision_msgs__rosidl_typesupport_introspection_c.dir/rosidl_typesupport_introspection_c/edgevision_msgs/msg/detail/tracked_detection__type_support.c.o\x1b[0m\n'}
[6.226058] (edgevision_msgs) StdoutLine: {'line': b'[ 50%] \x1b[32mBuilding CXX object CMakeFiles/edgevision_msgs__rosidl_typesupport_introspection_cpp.dir/rosidl_typesupport_introspection_cpp/edgevision_msgs/msg/detail/tracked_detection_array__type_support.cpp.o\x1b[0m\n'}
[6.236918] (-) TimerEvent: {}
[6.243320] (edgevision_msgs) StdoutLine: {'line': b'[ 50%] Built target edgevision_msgs__rosidl_typesupport_c\n'}
[6.261550] (edgevision_msgs) StdoutLine: {'line': b'[ 51%] \x1b[32mBuilding CXX object CMakeFiles/edgevision_msgs__rosidl_typesupport_fastrtps_c.dir/rosidl_typesupport_fastrtps_c/edgevision_msgs/msg/detail/detection_array__type_support_c.cpp.o\x1b[0m\n'}
[6.283168] (edgevision_msgs) StdoutLine: {'line': b'[ 52%] \x1b[32mBuilding C object CMakeFiles/edgevision_msgs__rosidl_typesupport_introspection_c.dir/rosidl_typesupport_introspection_c/edgevision_msgs/msg/detail/tracked_detection_array__type_support.c.o\x1b[0m\n'}
[6.338555] (-) TimerEvent: {}
[6.358270] (edgevision_msgs) StdoutLine: {'line': b'[ 54%] \x1b[32mBuilding C object CMakeFiles/edgevision_msgs__rosidl_typesupport_introspection_c.dir/rosidl_typesupport_introspection_c/edgevision_msgs/msg/detail/face_detection__type_support.c.o\x1b[0m\n'}
[6.398320] (edgevision_msgs) StdoutLine: {'line': b'[ 55%] \x1b[32mBuilding CXX object CMakeFiles/edgevision_msgs__rosidl_typesupport_fastrtps_cpp.dir/rosidl_typesupport_fastrtps_cpp/edgevision_msgs/msg/detail/dds_fastrtps/tracked_detection__type_support.cpp.o\x1b[0m\n'}
[6.417331] (edgevision_msgs) StdoutLine: {'line': b'[ 56%] \x1b[32mBuilding C object CMakeFiles/edgevision_msgs__rosidl_typesupport_introspection_c.dir/rosidl_typesupport_introspection_c/edgevision_msgs/msg/detail/face_detection_array__type_support.c.o\x1b[0m\n'}
[6.441531] (-) TimerEvent: {}
[6.486914] (edgevision_msgs) StdoutLine: {'line': b'[ 58%] \x1b[32m\x1b[1mLinking C shared library libedgevision_msgs__rosidl_typesupport_introspection_c.so\x1b[0m\n'}
[6.509671] (edgevision_msgs) StdoutLine: {'line': b'[ 59%] \x1b[32mBuilding CXX object CMakeFiles/edgevision_msgs__rosidl_typesupport_introspection_cpp.dir/rosidl_typesupport_introspection_cpp/edgevision_msgs/msg/detail/face_detection__type_support.cpp.o\x1b[0m\n'}
[6.543384] (-) TimerEvent: {}
[6.575119] (edgevision_msgs) StdoutLine: {'line': b'[ 59%] Built target edgevision_msgs__rosidl_typesupport_introspection_c\n'}
[6.607408] (edgevision_msgs) StdoutLine: {'line': b'[ 61%] \x1b[32mBuilding CXX object CMakeFiles/edgevision_msgs__rosidl_typesupport_introspection_cpp.dir/rosidl_typesupport_introspection_cpp/edgevision_msgs/msg/detail/face_detection_array__type_support.cpp.o\x1b[0m\n'}
[6.643518] (-) TimerEvent: {}
[6.648088] (edgevision_msgs) StdoutLine: {'line': b'[ 62%] \x1b[32mBuilding CXX object CMakeFiles/edgevision_msgs__rosidl_typesupport_cpp.dir/rosidl_typesupport_cpp/edgevision_msgs/msg/tracked_detection_array__type_support.cpp.o\x1b[0m\n'}
[6.744557] (-) TimerEvent: {}
[6.844929] (-) TimerEvent: {}
[6.888646] (edgevision_msgs) StdoutLine: {'line': b'[ 63%] \x1b[32mBuilding CXX object CMakeFiles/edgevision_msgs__rosidl_typesupport_fastrtps_c.dir/rosidl_typesupport_fastrtps_c/edgevision_msgs/msg/detail/tracked_detection__type_support_c.cpp.o\x1b[0m\n'}
[6.899037] (edgevision_msgs) StdoutLine: {'line': b'[ 65%] \x1b[32mBuilding CXX object CMakeFiles/edgevision_msgs__rosidl_typesupport_fastrtps_cpp.dir/rosidl_typesupport_fastrtps_cpp/edgevision_msgs/msg/detail/dds_fastrtps/tracked_detection_array__type_support.cpp.o\x1b[0m\n'}
[6.945539] (edgevision_msgs) StdoutLine: {'line': b'[ 66%] \x1b[32mBuilding CXX object CMakeFiles/edgevision_msgs__rosidl_typesupport_fastrtps_c.dir/rosidl_typesupport_fastrtps_c/edgevision_msgs/msg/detail/tracked_detection_array__type_support_c.cpp.o\x1b[0m\n'}
[6.945799] (-) TimerEvent: {}
[7.047784] (-) TimerEvent: {}
[7.112253] (edgevision_msgs) StdoutLine: {'line': b'[ 68%] \x1b[32mBuilding CXX object CMakeFiles/edgevision_msgs__rosidl_typesupport_fastrtps_cpp.dir/rosidl_typesupport_fastrtps_cpp/edgevision_msgs/msg/detail/dds_fastrtps/face_detection__type_support.cpp.o\x1b[0m\n'}
[7.147926] (-) TimerEvent: {}
[7.159751] (edgevision_msgs) StdoutLine: {'line': b'[ 69%] \x1b[32mBuilding CXX object CMakeFiles/edgevision_msgs__rosidl_typesupport_cpp.dir/rosidl_typesupport_cpp/edgevision_msgs/msg/face_detection__type_support.cpp.o\x1b[0m\n'}
[7.209234] (edgevision_msgs) StdoutLine: {'line': b'[ 70%] \x1b[32mBuilding CXX object CMakeFiles/edgevision_msgs__rosidl_typesupport_cpp.dir/rosidl_typesupport_cpp/edgevision_msgs/msg/face_detection_array__type_support.cpp.o\x1b[0m\n'}
[7.247181] (edgevision_msgs) StdoutLine: {'line': b'[ 72%] \x1b[32mBuilding CXX object CMakeFiles/edgevision_msgs__rosidl_typesupport_fastrtps_c.dir/rosidl_typesupport_fastrtps_c/edgevision_msgs/msg/detail/face_detection__type_support_c.cpp.o\x1b[0m\n'}
[7.248072] (-) TimerEvent: {}
[7.348501] (-) TimerEvent: {}
[7.449903] (-) TimerEvent: {}
[7.470012] (edgevision_msgs) StdoutLine: {'line': b'[ 73%] \x1b[32m\x1b[1mLinking CXX shared library libedgevision_msgs__rosidl_typesupport_introspection_cpp.so\x1b[0m\n'}
[7.552859] (-) TimerEvent: {}
[7.581617] (edgevision_msgs) StdoutLine: {'line': b'[ 75%] \x1b[32mBuilding CXX object CMakeFiles/edgevision_msgs__rosidl_typesupport_fastrtps_c.dir/rosidl_typesupport_fastrtps_c/edgevision_msgs/msg/detail/face_detection_array__type_support_c.cpp.o\x1b[0m\n'}
[7.586286] (edgevision_msgs) StdoutLine: {'line': b'[ 76%] \x1b[32mBuilding CXX object CMakeFiles/edgevision_msgs__rosidl_typesupport_fastrtps_cpp.dir/rosidl_typesupport_fastrtps_cpp/edgevision_msgs/msg/detail/dds_fastrtps/face_detection_array__type_support.cpp.o\x1b[0m\n'}
[7.652972] (-) TimerEvent: {}
[7.679358] (edgevision_msgs) StdoutLine: {'line': b'[ 76%] Built target edgevision_msgs__rosidl_typesupport_introspection_cpp\n'}
[7.721134] (edgevision_msgs) StdoutLine: {'line': b'[ 77%] \x1b[32m\x1b[1mLinking CXX shared library libedgevision_msgs__rosidl_typesupport_cpp.so\x1b[0m\n'}
[7.753112] (-) TimerEvent: {}
[7.807189] (edgevision_msgs) StdoutLine: {'line': b'[ 77%] Built target edgevision_msgs__rosidl_typesupport_cpp\n'}
[7.853230] (-) TimerEvent: {}
[7.953610] (-) TimerEvent: {}
[8.008521] (edgevision_msgs) StdoutLine: {'line': b'[ 79%] \x1b[32m\x1b[1mLinking CXX shared library libedgevision_msgs__rosidl_typesupport_fastrtps_c.so\x1b[0m\n'}
[8.053740] (-) TimerEvent: {}
[8.140364] (edgevision_msgs) StdoutLine: {'line': b'[ 79%] Built target edgevision_msgs__rosidl_typesupport_fastrtps_c\n'}
[8.149550] (edgevision_msgs) StdoutLine: {'line': b'[ 80%] \x1b[32m\x1b[1mLinking CXX shared library libedgevision_msgs__rosidl_typesupport_fastrtps_cpp.so\x1b[0m\n'}
[8.153850] (-) TimerEvent: {}
[8.254225] (-) TimerEvent: {}
[8.273774] (edgevision_msgs) StdoutLine: {'line': b'[ 80%] Built target edgevision_msgs__rosidl_typesupport_fastrtps_cpp\n'}
[8.320544] (edgevision_msgs) StdoutLine: {'line': b'[ 80%] Built target edgevision_msgs\n'}
[8.354355] (-) TimerEvent: {}
[8.359631] (edgevision_msgs) StdoutLine: {'line': b'[ 81%] \x1b[34m\x1b[1mGenerating Python code for ROS interfaces\x1b[0m\n'}
[8.454473] (-) TimerEvent: {}
[8.554773] (-) TimerEvent: {}
[8.655088] (-) TimerEvent: {}
[8.755438] (-) TimerEvent: {}
[8.855813] (-) TimerEvent: {}
[8.956166] (-) TimerEvent: {}
[9.056479] (-) TimerEvent: {}
[9.156830] (-) TimerEvent: {}
[9.257152] (-) TimerEvent: {}
[9.333750] (edgevision_msgs) StdoutLine: {'line': b'[ 81%] Built target edgevision_msgs__py\n'}
[9.357573] (-) TimerEvent: {}
[9.360121] (edgevision_msgs) StdoutLine: {'line': b'[ 83%] \x1b[32mBuilding C object CMakeFiles/edgevision_msgs__rosidl_generator_py.dir/rosidl_generator_py/edgevision_msgs/msg/_tracked_detection_array_s.c.o\x1b[0m\n'}
[9.360422] (edgevision_msgs) StdoutLine: {'line': b'[ 84%] \x1b[32mBuilding C object CMakeFiles/edgevision_msgs__rosidl_generator_py.dir/rosidl_generator_py/edgevision_msgs/msg/_detection_s.c.o\x1b[0m\n'}
[9.360556] (edgevision_msgs) StdoutLine: {'line': b'[ 86%] \x1b[32mBuilding C object CMakeFiles/edgevision_msgs__rosidl_generator_py.dir/rosidl_generator_py/edgevision_msgs/msg/_detection_array_s.c.o\x1b[0m\n'}
[9.361868] (edgevision_msgs) StdoutLine: {'line': b'[ 88%] \x1b[32mBuilding C object CMakeFiles/edgevision_msgs__rosidl_generator_py.dir/rosidl_generator_py/edgevision_msgs/msg/_tracked_detection_s.c.o\x1b[0m\n'}
[9.362120] (edgevision_msgs) StdoutLine: {'line': b'[ 88%] \x1b[32mBuilding C object CMakeFiles/edgevision_msgs__rosidl_generator_py.dir/rosidl_generator_py/edgevision_msgs/msg/_face_detection_s.c.o\x1b[0m\n'}
[9.362329] (edgevision_msgs) StdoutLine: {'line': b'[ 90%] \x1b[32mBuilding C object CMakeFiles/edgevision_msgs__rosidl_generator_py.dir/rosidl_generator_py/edgevision_msgs/msg/_face_detection_array_s.c.o\x1b[0m\n'}
[9.457690] (-) TimerEvent: {}
[9.558127] (-) TimerEvent: {}
[9.574219] (edgevision_msgs) StdoutLine: {'line': b'[ 91%] \x1b[32m\x1b[1mLinking C shared library rosidl_generator_py/edgevision_msgs/libedgevision_msgs__rosidl_generator_py.so\x1b[0m\n'}
[9.655134] (edgevision_msgs) StdoutLine: {'line': b'[ 91%] Built target edgevision_msgs__rosidl_generator_py\n'}
[9.658242] (-) TimerEvent: {}
[9.683694] (edgevision_msgs) StdoutLine: {'line': b'[ 93%] \x1b[32mBuilding C object CMakeFiles/edgevision_msgs__rosidl_typesupport_c__pyext.dir/rosidl_generator_py/edgevision_msgs/_edgevision_msgs_s.ep.rosidl_typesupport_c.c.o\x1b[0m\n'}
[9.683959] (edgevision_msgs) StdoutLine: {'line': b'[ 94%] \x1b[32mBuilding C object CMakeFiles/edgevision_msgs__rosidl_typesupport_fastrtps_c__pyext.dir/rosidl_generator_py/edgevision_msgs/_edgevision_msgs_s.ep.rosidl_typesupport_fastrtps_c.c.o\x1b[0m\n'}
[9.693500] (edgevision_msgs) StdoutLine: {'line': b'[ 95%] \x1b[32mBuilding C object CMakeFiles/edgevision_msgs__rosidl_typesupport_introspection_c__pyext.dir/rosidl_generator_py/edgevision_msgs/_edgevision_msgs_s.ep.rosidl_typesupport_introspection_c.c.o\x1b[0m\n'}
[9.758352] (-) TimerEvent: {}
[9.837558] (edgevision_msgs) StdoutLine: {'line': b'[ 98%] \x1b[32m\x1b[1mLinking C shared library rosidl_generator_py/edgevision_msgs/edgevision_msgs_s__rosidl_typesupport_fastrtps_c.cpython-310-x86_64-linux-gnu.so\x1b[0m\n'}
[9.837796] (edgevision_msgs) StdoutLine: {'line': b'[ 98%] \x1b[32m\x1b[1mLinking C shared library rosidl_generator_py/edgevision_msgs/edgevision_msgs_s__rosidl_typesupport_introspection_c.cpython-310-x86_64-linux-gnu.so\x1b[0m\n'}
[9.848382] (edgevision_msgs) StdoutLine: {'line': b'[100%] \x1b[32m\x1b[1mLinking C shared library rosidl_generator_py/edgevision_msgs/edgevision_msgs_s__rosidl_typesupport_c.cpython-310-x86_64-linux-gnu.so\x1b[0m\n'}
[9.858965] (-) TimerEvent: {}
[9.908570] (edgevision_msgs) StdoutLine: {'line': b'[100%] Built target edgevision_msgs__rosidl_typesupport_fastrtps_c__pyext\n'}
[9.908816] (edgevision_msgs) StdoutLine: {'line': b'[100%] Built target edgevision_msgs__rosidl_typesupport_introspection_c__pyext\n'}
[9.916084] (edgevision_msgs) StdoutLine: {'line': b'[100%] Built target edgevision_msgs__rosidl_typesupport_c__pyext\n'}
[9.934438] (edgevision_msgs) CommandEnded: {'returncode': 0}
[9.936684] (edgevision_msgs) JobProgress: {'identifier': 'edgevision_msgs', 'progress': 'install'}
[9.947936] (edgevision_msgs) Command: {'cmd': ['/usr/bin/cmake', '--install', '/home/tarun/surveillance_bot/ros2/ws/build/edgevision_msgs'], 'cwd': '/home/tarun/surveillance_bot/ros2/ws/build/edgevision_msgs', 'env': OrderedDict([('PYTHON_BASIC_REPL', '1'), ('LESSOPEN', '| /usr/bin/lesspipe %s'), ('LANGUAGE', 'en_IN:en'), ('USER', 'tarun'), ('XDG_SESSION_TYPE', 'wayland'), ('GIT_ASKPASS', '/usr/share/code/resources/app/extensions/git/dist/askpass.sh'), ('SHLVL', '2'), ('LD_LIBRARY_PATH', '/home/tarun/surveillance_bot/ros2/ws/install/edgevision_msgs/lib:/opt/ros/humble/opt/rviz_ogre_vendor/lib:/opt/ros/humble/lib/x86_64-linux-gnu:/opt/ros/humble/lib'), ('HOME', '/home/tarun'), ('CHROME_DESKTOP', 'code.desktop'), ('OLDPWD', '/home/tarun/surveillance_bot/ros2/ws'), ('TERM_PROGRAM_VERSION', '1.129.0'), ('DESKTOP_SESSION', 'ubuntu'), ('ROS_PYTHON_VERSION', '3'), ('GNOME_SHELL_SESSION_MODE', 'ubuntu'), ('GTK_MODULES', 'gail:atk-bridge'), ('VSCODE_GIT_ASKPASS_MAIN', '/usr/share/code/resources/app/extensions/git/dist/askpass-main.js'), ('PS1', '\\[\x1b]633;A\x07\\](.venv) \\[\x1b]633;A\x07\\]\\[\\e]0;\\u@\\h: \\w\\a\\]${debian_chroot:+($debian_chroot)}\\[\\033[01;32m\\]\\u@\\h\\[\\033[00m\\]:\\[\\033[01;34m\\]\\w\\[\\033[00m\\]\\$ \\[\x1b]633;B\x07\\]\\[\x1b]633;B\x07\\]'), ('VSCODE_GIT_ASKPASS_NODE', '/usr/share/code/code'), ('PYDEVD_DISABLE_FILE_VALIDATION', '1'), ('SYSTEMD_EXEC_PID', '1143'), ('BUNDLED_DEBUGPY_PATH', '/home/tarun/.vscode/extensions/ms-python.debugpy-2026.6.0-linux-x64/bundled/libs/debugpy'), ('VSCODE_PYTHON_AUTOACTIVATE_GUARD', '1'), ('DBUS_SESSION_BUS_ADDRESS', 'unix:path=/run/user/1000/bus'), ('COLORTERM', 'truecolor'), ('IM_CONFIG_PHASE', '1'), ('WAYLAND_DISPLAY', 'wayland-0'), ('COLCON_PREFIX_PATH', '/home/tarun/surveillance_bot/ros2/ws/install'), ('ROS_DISTRO', 'humble'), ('LOGNAME', 'tarun'), ('_', '/usr/bin/colcon'), ('ROS_VERSION', '2'), ('XDG_SESSION_CLASS', 'user'), ('USERNAME', 'tarun'), ('TERM', 'xterm-256color'), ('GNOME_DESKTOP_SESSION_ID', 'this-is-deprecated'), ('FC_FONTATIONS', '1'), ('ROS_LOCALHOST_ONLY', '0'), ('PATH', '/home/tarun/surveillance_bot/.venv/bin:/home/tarun/.config/Code/User/globalStorage/github.copilot-chat/debugCommand:/home/tarun/.config/Code/User/globalStorage/github.copilot-chat/copilotCli:/opt/ros/humble/bin:/home/tarun/.local/bin:/usr/local/sbin:/usr/local/bin:/usr/sbin:/usr/bin:/sbin:/bin:/usr/games:/usr/local/games:/snap/bin:/snap/bin:/home/tarun/.vscode/extensions/ms-python.debugpy-2026.6.0-linux-x64/bundled/scripts/noConfigScripts'), ('SESSION_MANAGER', 'local/tarun-TUF-Gaming-FX505DT-FX505DT:@/tmp/.ICE-unix/1108,unix/tarun-TUF-Gaming-FX505DT-FX505DT:/tmp/.ICE-unix/1108'), ('XDG_MENU_PREFIX', 'gnome-'), ('GNOME_TERMINAL_SCREEN', '/org/gnome/Terminal/screen/238d6e95_6302_47b1_b006_5013892b9764'), ('GNOME_SETUP_DISPLAY', ':1'), ('XDG_RUNTIME_DIR', '/run/user/1000'), ('GDK_BACKEND', 'wayland'), ('DISPLAY', ':0'), ('VSCODE_DEBUGPY_ADAPTER_ENDPOINTS', '/home/tarun/.vscode/extensions/ms-python.debugpy-2026.6.0-linux-x64/.noConfigDebugAdapterEndpoints/endpoint-67ac97aa74ea169d.txt'), ('LANG', 'en_US.UTF-8'), ('XDG_CURRENT_DESKTOP', 'ubuntu:GNOME'), ('PYTHONSTARTUP', '/home/tarun/.config/Code/User/workspaceStorage/7dc33f88aa8e1a6e0297bceb18243204/ms-python.python/pythonrc.py'), ('VIRTUAL_ENV_PROMPT', '(.venv)'), ('XMODIFIERS', '@im=ibus'), ('XDG_SESSION_DESKTOP', 'ubuntu'), ('XAUTHORITY', '/run/user/1000/.mutter-Xwaylandauth.NOGBS3'), ('LS_COLORS', 'rs=0:di=01;34:ln=01;36:mh=00:pi=40;33:so=01;35:do=01;35:bd=40;33;01:cd=40;33;01:or=40;31;01:mi=00:su=37;41:sg=30;43:ca=30;41:tw=30;42:ow=34;42:st=37;44:ex=01;32:*.tar=01;31:*.tgz=01;31:*.arc=01;31:*.arj=01;31:*.taz=01;31:*.lha=01;31:*.lz4=01;31:*.lzh=01;31:*.lzma=01;31:*.tlz=01;31:*.txz=01;31:*.tzo=01;31:*.t7z=01;31:*.zip=01;31:*.z=01;31:*.dz=01;31:*.gz=01;31:*.lrz=01;31:*.lz=01;31:*.lzo=01;31:*.xz=01;31:*.zst=01;31:*.tzst=01;31:*.bz2=01;31:*.bz=01;31:*.tbz=01;31:*.tbz2=01;31:*.tz=01;31:*.deb=01;31:*.rpm=01;31:*.jar=01;31:*.war=01;31:*.ear=01;31:*.sar=01;31:*.rar=01;31:*.alz=01;31:*.ace=01;31:*.zoo=01;31:*.cpio=01;31:*.7z=01;31:*.rz=01;31:*.cab=01;31:*.wim=01;31:*.swm=01;31:*.dwm=01;31:*.esd=01;31:*.jpg=01;35:*.jpeg=01;35:*.mjpg=01;35:*.mjpeg=01;35:*.gif=01;35:*.bmp=01;35:*.pbm=01;35:*.pgm=01;35:*.ppm=01;35:*.tga=01;35:*.xbm=01;35:*.xpm=01;35:*.tif=01;35:*.tiff=01;35:*.png=01;35:*.svg=01;35:*.svgz=01;35:*.mng=01;35:*.pcx=01;35:*.mov=01;35:*.mpg=01;35:*.mpeg=01;35:*.m2v=01;35:*.mkv=01;35:*.webm=01;35:*.webp=01;35:*.ogm=01;35:*.mp4=01;35:*.m4v=01;35:*.mp4v=01;35:*.vob=01;35:*.qt=01;35:*.nuv=01;35:*.wmv=01;35:*.asf=01;35:*.rm=01;35:*.rmvb=01;35:*.flc=01;35:*.avi=01;35:*.fli=01;35:*.flv=01;35:*.gl=01;35:*.dl=01;35:*.xcf=01;35:*.xwd=01;35:*.yuv=01;35:*.cgm=01;35:*.emf=01;35:*.ogv=01;35:*.ogx=01;35:*.aac=00;36:*.au=00;36:*.flac=00;36:*.m4a=00;36:*.mid=00;36:*.midi=00;36:*.mka=00;36:*.mp3=00;36:*.mpc=00;36:*.ogg=00;36:*.ra=00;36:*.wav=00;36:*.oga=00;36:*.opus=00;36:*.spx=00;36:*.xspf=00;36:'), ('VSCODE_GIT_IPC_HANDLE', '/run/user/1000/vscode-git-5356aa5f03.sock'), ('GNOME_TERMINAL_SERVICE', ':1.110'), ('TERM_PROGRAM', 'vscode'), ('SSH_AGENT_LAUNCHER', 'gnome-keyring'), ('SSH_AUTH_SOCK', '/run/user/1000/keyring/ssh'), ('AMENT_PREFIX_PATH', '/home/tarun/surveillance_bot/ros2/ws/install/edgevision_ros:/home/tarun/surveillance_bot/ros2/ws/install/edgevision_msgs:/opt/ros/humble'), ('SHELL', '/bin/bash'), ('QT_ACCESSIBILITY', '1'), ('GDMSESSION', 'ubuntu'), ('LESSCLOSE', '/usr/bin/lesspipe %s %s'), ('VIRTUAL_ENV', '/home/tarun/surveillance_bot/.venv'), ('VSCODE_GIT_ASKPASS_EXTRA_ARGS', ''), ('QT_IM_MODULE', 'ibus'), ('PWD', '/home/tarun/surveillance_bot/ros2/ws/build/edgevision_msgs'), ('LC_ALL', 'en_US.UTF-8'), ('XDG_CONFIG_DIRS', '/etc/xdg/xdg-ubuntu:/etc/xdg'), ('COPILOT_DEBUG_NONCE', '83c486256e58f104af75e9cc936a28cc'), ('XDG_DATA_DIRS', '/usr/share/ubuntu:/usr/local/share/:/usr/share/:/var/lib/snapd/desktop'), ('PYTHONPATH', '/home/tarun/surveillance_bot/ros2/ws/build/edgevision_ros:/home/tarun/surveillance_bot/ros2/ws/install/edgevision_ros/lib/python3.10/site-packages:/home/tarun/surveillance_bot/ros2/ws/install/edgevision_msgs/lib/python3.10/site-packages:/opt/ros/humble/lib/python3.10/site-packages:/opt/ros/humble/local/lib/python3.10/dist-packages:/home/tarun/surveillance_bot:/home/tarun/surveillance_bot'), ('COLCON', '1'), ('VTE_VERSION', '6800'), ('CMAKE_PREFIX_PATH', '/home/tarun/surveillance_bot/ros2/ws/install/edgevision_msgs:/home/tarun/surveillance_bot/ros2/ws/install/edgevision_ros:/opt/ros/humble')]), 'shell': False}
[9.959079] (-) TimerEvent: {}
[9.959355] (edgevision_msgs) StdoutLine: {'line': b'-- Install configuration: ""\n'}
[9.960536] (edgevision_msgs) StdoutLine: {'line': b'-- Execute custom install script\n'}
[9.961152] (edgevision_msgs) StdoutLine: {'line': b'-- Symlinking: /home/tarun/surveillance_bot/ros2/ws/install/edgevision_msgs/share/ament_index/resource_index/rosidl_interfaces/edgevision_msgs\n'}
[9.975104] (edgevision_msgs) StdoutLine: {'line': b'-- Symlinking: /home/tarun/surveillance_bot/ros2/ws/install/edgevision_msgs/include/edgevision_msgs/edgevision_msgs/msg/detail/detection__functions.h\n'}
[9.987285] (edgevision_msgs) StdoutLine: {'line': b'-- Symlinking: /home/tarun/surveillance_bot/ros2/ws/install/edgevision_msgs/include/edgevision_msgs/edgevision_msgs/msg/detail/detection__struct.h\n'}
[9.999311] (edgevision_msgs) StdoutLine: {'line': b'-- Symlinking: /home/tarun/surveillance_bot/ros2/ws/install/edgevision_msgs/include/edgevision_msgs/edgevision_msgs/msg/detail/detection__type_support.h\n'}
[10.010179] (edgevision_msgs) StdoutLine: {'line': b'-- Symlinking: /home/tarun/surveillance_bot/ros2/ws/install/edgevision_msgs/include/edgevision_msgs/edgevision_msgs/msg/detail/detection_array__functions.h\n'}
[10.023531] (edgevision_msgs) StdoutLine: {'line': b'-- Symlinking: /home/tarun/surveillance_bot/ros2/ws/install/edgevision_msgs/include/edgevision_msgs/edgevision_msgs/msg/detail/detection_array__struct.h\n'}
[10.034865] (edgevision_msgs) StdoutLine: {'line': b'-- Symlinking: /home/tarun/surveillance_bot/ros2/ws/install/edgevision_msgs/include/edgevision_msgs/edgevision_msgs/msg/detail/detection_array__type_support.h\n'}
[10.051765] (edgevision_msgs) StdoutLine: {'line': b'-- Symlinking: /home/tarun/surveillance_bot/ros2/ws/install/edgevision_msgs/include/edgevision_msgs/edgevision_msgs/msg/detail/face_detection__functions.h\n'}
[10.059216] (-) TimerEvent: {}
[10.068216] (edgevision_msgs) StdoutLine: {'line': b'-- Symlinking: /home/tarun/surveillance_bot/ros2/ws/install/edgevision_msgs/include/edgevision_msgs/edgevision_msgs/msg/detail/face_detection__struct.h\n'}
[10.079748] (edgevision_msgs) StdoutLine: {'line': b'-- Symlinking: /home/tarun/surveillance_bot/ros2/ws/install/edgevision_msgs/include/edgevision_msgs/edgevision_msgs/msg/detail/face_detection__type_support.h\n'}
[10.091325] (edgevision_msgs) StdoutLine: {'line': b'-- Symlinking: /home/tarun/surveillance_bot/ros2/ws/install/edgevision_msgs/include/edgevision_msgs/edgevision_msgs/msg/detail/face_detection_array__functions.h\n'}
[10.111353] (edgevision_msgs) StdoutLine: {'line': b'-- Symlinking: /home/tarun/surveillance_bot/ros2/ws/install/edgevision_msgs/include/edgevision_msgs/edgevision_msgs/msg/detail/face_detection_array__struct.h\n'}
[10.125735] (edgevision_msgs) StdoutLine: {'line': b'-- Symlinking: /home/tarun/surveillance_bot/ros2/ws/install/edgevision_msgs/include/edgevision_msgs/edgevision_msgs/msg/detail/face_detection_array__type_support.h\n'}
[10.136695] (edgevision_msgs) StdoutLine: {'line': b'-- Symlinking: /home/tarun/surveillance_bot/ros2/ws/install/edgevision_msgs/include/edgevision_msgs/edgevision_msgs/msg/detail/tracked_detection__functions.h\n'}
[10.147851] (edgevision_msgs) StdoutLine: {'line': b'-- Symlinking: /home/tarun/surveillance_bot/ros2/ws/install/edgevision_msgs/include/edgevision_msgs/edgevision_msgs/msg/detail/tracked_detection__struct.h\n'}
[10.159161] (edgevision_msgs) StdoutLine: {'line': b'-- Symlinking: /home/tarun/surveillance_bot/ros2/ws/install/edgevision_msgs/include/edgevision_msgs/edgevision_msgs/msg/detail/tracked_detection__type_support.h\n'}
[10.159350] (-) TimerEvent: {}
[10.171630] (edgevision_msgs) StdoutLine: {'line': b'-- Symlinking: /home/tarun/surveillance_bot/ros2/ws/install/edgevision_msgs/include/edgevision_msgs/edgevision_msgs/msg/detail/tracked_detection_array__functions.h\n'}
[10.184073] (edgevision_msgs) StdoutLine: {'line': b'-- Symlinking: /home/tarun/surveillance_bot/ros2/ws/install/edgevision_msgs/include/edgevision_msgs/edgevision_msgs/msg/detail/tracked_detection_array__struct.h\n'}
[10.204250] (edgevision_msgs) StdoutLine: {'line': b'-- Symlinking: /home/tarun/surveillance_bot/ros2/ws/install/edgevision_msgs/include/edgevision_msgs/edgevision_msgs/msg/detail/tracked_detection_array__type_support.h\n'}
[10.215096] (edgevision_msgs) StdoutLine: {'line': b'-- Symlinking: /home/tarun/surveillance_bot/ros2/ws/install/edgevision_msgs/include/edgevision_msgs/edgevision_msgs/msg/detection.h\n'}
[10.225972] (edgevision_msgs) StdoutLine: {'line': b'-- Symlinking: /home/tarun/surveillance_bot/ros2/ws/install/edgevision_msgs/include/edgevision_msgs/edgevision_msgs/msg/detection_array.h\n'}
[10.237400] (edgevision_msgs) StdoutLine: {'line': b'-- Symlinking: /home/tarun/surveillance_bot/ros2/ws/install/edgevision_msgs/include/edgevision_msgs/edgevision_msgs/msg/face_detection.h\n'}
[10.248479] (edgevision_msgs) StdoutLine: {'line': b'-- Symlinking: /home/tarun/surveillance_bot/ros2/ws/install/edgevision_msgs/include/edgevision_msgs/edgevision_msgs/msg/face_detection_array.h\n'}
[10.259506] (-) TimerEvent: {}
[10.259789] (edgevision_msgs) StdoutLine: {'line': b'-- Symlinking: /home/tarun/surveillance_bot/ros2/ws/install/edgevision_msgs/include/edgevision_msgs/edgevision_msgs/msg/rosidl_generator_c__visibility_control.h\n'}
[10.271422] (edgevision_msgs) StdoutLine: {'line': b'-- Symlinking: /home/tarun/surveillance_bot/ros2/ws/install/edgevision_msgs/include/edgevision_msgs/edgevision_msgs/msg/tracked_detection.h\n'}
[10.283534] (edgevision_msgs) StdoutLine: {'line': b'-- Symlinking: /home/tarun/surveillance_bot/ros2/ws/install/edgevision_msgs/include/edgevision_msgs/edgevision_msgs/msg/tracked_detection_array.h\n'}
[10.295708] (edgevision_msgs) StdoutLine: {'line': b'-- Symlinking: /home/tarun/surveillance_bot/ros2/ws/install/edgevision_msgs/share/edgevision_msgs/environment/library_path.sh\n'}
[10.307479] (edgevision_msgs) StdoutLine: {'line': b'-- Symlinking: /home/tarun/surveillance_bot/ros2/ws/install/edgevision_msgs/share/edgevision_msgs/environment/library_path.dsv\n'}
[10.322754] (edgevision_msgs) StdoutLine: {'line': b'-- Symlinking: /home/tarun/surveillance_bot/ros2/ws/install/edgevision_msgs/include/edgevision_msgs/edgevision_msgs/msg/detail/detection__rosidl_typesupport_fastrtps_c.h\n'}
[10.343528] (edgevision_msgs) StdoutLine: {'line': b'-- Symlinking: /home/tarun/surveillance_bot/ros2/ws/install/edgevision_msgs/include/edgevision_msgs/edgevision_msgs/msg/detail/detection_array__rosidl_typesupport_fastrtps_c.h\n'}
[10.354478] (edgevision_msgs) StdoutLine: {'line': b'-- Symlinking: /home/tarun/surveillance_bot/ros2/ws/install/edgevision_msgs/include/edgevision_msgs/edgevision_msgs/msg/detail/face_detection__rosidl_typesupport_fastrtps_c.h\n'}
[10.359584] (-) TimerEvent: {}
[10.365645] (edgevision_msgs) StdoutLine: {'line': b'-- Symlinking: /home/tarun/surveillance_bot/ros2/ws/install/edgevision_msgs/include/edgevision_msgs/edgevision_msgs/msg/detail/face_detection_array__rosidl_typesupport_fastrtps_c.h\n'}
[10.380353] (edgevision_msgs) StdoutLine: {'line': b'-- Symlinking: /home/tarun/surveillance_bot/ros2/ws/install/edgevision_msgs/include/edgevision_msgs/edgevision_msgs/msg/detail/tracked_detection__rosidl_typesupport_fastrtps_c.h\n'}
[10.391841] (edgevision_msgs) StdoutLine: {'line': b'-- Symlinking: /home/tarun/surveillance_bot/ros2/ws/install/edgevision_msgs/include/edgevision_msgs/edgevision_msgs/msg/detail/tracked_detection_array__rosidl_typesupport_fastrtps_c.h\n'}
[10.402432] (edgevision_msgs) StdoutLine: {'line': b'-- Symlinking: /home/tarun/surveillance_bot/ros2/ws/install/edgevision_msgs/include/edgevision_msgs/edgevision_msgs/msg/rosidl_typesupport_fastrtps_c__visibility_control.h\n'}
[10.414943] (edgevision_msgs) StdoutLine: {'line': b'-- Symlinking: /home/tarun/surveillance_bot/ros2/ws/install/edgevision_msgs/include/edgevision_msgs/edgevision_msgs/msg/detail/detection__rosidl_typesupport_introspection_c.h\n'}
[10.432058] (edgevision_msgs) StdoutLine: {'line': b'-- Symlinking: /home/tarun/surveillance_bot/ros2/ws/install/edgevision_msgs/include/edgevision_msgs/edgevision_msgs/msg/detail/detection_array__rosidl_typesupport_introspection_c.h\n'}
[10.443754] (edgevision_msgs) StdoutLine: {'line': b'-- Symlinking: /home/tarun/surveillance_bot/ros2/ws/install/edgevision_msgs/include/edgevision_msgs/edgevision_msgs/msg/detail/face_detection__rosidl_typesupport_introspection_c.h\n'}
[10.459743] (-) TimerEvent: {}
[10.460126] (edgevision_msgs) StdoutLine: {'line': b'-- Symlinking: /home/tarun/surveillance_bot/ros2/ws/install/edgevision_msgs/include/edgevision_msgs/edgevision_msgs/msg/detail/face_detection_array__rosidl_typesupport_introspection_c.h\n'}
[10.479741] (edgevision_msgs) StdoutLine: {'line': b'-- Symlinking: /home/tarun/surveillance_bot/ros2/ws/install/edgevision_msgs/include/edgevision_msgs/edgevision_msgs/msg/detail/tracked_detection__rosidl_typesupport_introspection_c.h\n'}
[10.492930] (edgevision_msgs) StdoutLine: {'line': b'-- Symlinking: /home/tarun/surveillance_bot/ros2/ws/install/edgevision_msgs/include/edgevision_msgs/edgevision_msgs/msg/detail/tracked_detection_array__rosidl_typesupport_introspection_c.h\n'}
[10.504890] (edgevision_msgs) StdoutLine: {'line': b'-- Symlinking: /home/tarun/surveillance_bot/ros2/ws/install/edgevision_msgs/include/edgevision_msgs/edgevision_msgs/msg/rosidl_typesupport_introspection_c__visibility_control.h\n'}
[10.518569] (edgevision_msgs) StdoutLine: {'line': b'-- Symlinking: /home/tarun/surveillance_bot/ros2/ws/install/edgevision_msgs/include/edgevision_msgs/edgevision_msgs/msg/detail/detection__builder.hpp\n'}
[10.530120] (edgevision_msgs) StdoutLine: {'line': b'-- Symlinking: /home/tarun/surveillance_bot/ros2/ws/install/edgevision_msgs/include/edgevision_msgs/edgevision_msgs/msg/detail/detection__struct.hpp\n'}
[10.541064] (edgevision_msgs) StdoutLine: {'line': b'-- Symlinking: /home/tarun/surveillance_bot/ros2/ws/install/edgevision_msgs/include/edgevision_msgs/edgevision_msgs/msg/detail/detection__traits.hpp\n'}
[10.551910] (edgevision_msgs) StdoutLine: {'line': b'-- Symlinking: /home/tarun/surveillance_bot/ros2/ws/install/edgevision_msgs/include/edgevision_msgs/edgevision_msgs/msg/detail/detection__type_support.hpp\n'}
[10.559822] (-) TimerEvent: {}
[10.563049] (edgevision_msgs) StdoutLine: {'line': b'-- Symlinking: /home/tarun/surveillance_bot/ros2/ws/install/edgevision_msgs/include/edgevision_msgs/edgevision_msgs/msg/detail/detection_array__builder.hpp\n'}
[10.575503] (edgevision_msgs) StdoutLine: {'line': b'-- Symlinking: /home/tarun/surveillance_bot/ros2/ws/install/edgevision_msgs/include/edgevision_msgs/edgevision_msgs/msg/detail/detection_array__struct.hpp\n'}
[10.587184] (edgevision_msgs) StdoutLine: {'line': b'-- Symlinking: /home/tarun/surveillance_bot/ros2/ws/install/edgevision_msgs/include/edgevision_msgs/edgevision_msgs/msg/detail/detection_array__traits.hpp\n'}
[10.597983] (edgevision_msgs) StdoutLine: {'line': b'-- Symlinking: /home/tarun/surveillance_bot/ros2/ws/install/edgevision_msgs/include/edgevision_msgs/edgevision_msgs/msg/detail/detection_array__type_support.hpp\n'}
[10.608926] (edgevision_msgs) StdoutLine: {'line': b'-- Symlinking: /home/tarun/surveillance_bot/ros2/ws/install/edgevision_msgs/include/edgevision_msgs/edgevision_msgs/msg/detail/face_detection__builder.hpp\n'}
[10.620203] (edgevision_msgs) StdoutLine: {'line': b'-- Symlinking: /home/tarun/surveillance_bot/ros2/ws/install/edgevision_msgs/include/edgevision_msgs/edgevision_msgs/msg/detail/face_detection__struct.hpp\n'}
[10.639630] (edgevision_msgs) StdoutLine: {'line': b'-- Symlinking: /home/tarun/surveillance_bot/ros2/ws/install/edgevision_msgs/include/edgevision_msgs/edgevision_msgs/msg/detail/face_detection__traits.hpp\n'}
[10.650534] (edgevision_msgs) StdoutLine: {'line': b'-- Symlinking: /home/tarun/surveillance_bot/ros2/ws/install/edgevision_msgs/include/edgevision_msgs/edgevision_msgs/msg/detail/face_detection__type_support.hpp\n'}
[10.659926] (-) TimerEvent: {}
[10.670651] (edgevision_msgs) StdoutLine: {'line': b'-- Symlinking: /home/tarun/surveillance_bot/ros2/ws/install/edgevision_msgs/include/edgevision_msgs/edgevision_msgs/msg/detail/face_detection_array__builder.hpp\n'}
[10.683000] (edgevision_msgs) StdoutLine: {'line': b'-- Symlinking: /home/tarun/surveillance_bot/ros2/ws/install/edgevision_msgs/include/edgevision_msgs/edgevision_msgs/msg/detail/face_detection_array__struct.hpp\n'}
[10.697547] (edgevision_msgs) StdoutLine: {'line': b'-- Symlinking: /home/tarun/surveillance_bot/ros2/ws/install/edgevision_msgs/include/edgevision_msgs/edgevision_msgs/msg/detail/face_detection_array__traits.hpp\n'}
[10.709756] (edgevision_msgs) StdoutLine: {'line': b'-- Symlinking: /home/tarun/surveillance_bot/ros2/ws/install/edgevision_msgs/include/edgevision_msgs/edgevision_msgs/msg/detail/face_detection_array__type_support.hpp\n'}
[10.728653] (edgevision_msgs) StdoutLine: {'line': b'-- Symlinking: /home/tarun/surveillance_bot/ros2/ws/install/edgevision_msgs/include/edgevision_msgs/edgevision_msgs/msg/detail/tracked_detection__builder.hpp\n'}
[10.741589] (edgevision_msgs) StdoutLine: {'line': b'-- Symlinking: /home/tarun/surveillance_bot/ros2/ws/install/edgevision_msgs/include/edgevision_msgs/edgevision_msgs/msg/detail/tracked_detection__struct.hpp\n'}
[10.754511] (edgevision_msgs) StdoutLine: {'line': b'-- Symlinking: /home/tarun/surveillance_bot/ros2/ws/install/edgevision_msgs/include/edgevision_msgs/edgevision_msgs/msg/detail/tracked_detection__traits.hpp\n'}
[10.760038] (-) TimerEvent: {}
[10.766299] (edgevision_msgs) StdoutLine: {'line': b'-- Symlinking: /home/tarun/surveillance_bot/ros2/ws/install/edgevision_msgs/include/edgevision_msgs/edgevision_msgs/msg/detail/tracked_detection__type_support.hpp\n'}
[10.781562] (edgevision_msgs) StdoutLine: {'line': b'-- Symlinking: /home/tarun/surveillance_bot/ros2/ws/install/edgevision_msgs/include/edgevision_msgs/edgevision_msgs/msg/detail/tracked_detection_array__builder.hpp\n'}
[10.793966] (edgevision_msgs) StdoutLine: {'line': b'-- Symlinking: /home/tarun/surveillance_bot/ros2/ws/install/edgevision_msgs/include/edgevision_msgs/edgevision_msgs/msg/detail/tracked_detection_array__struct.hpp\n'}
[10.808214] (edgevision_msgs) StdoutLine: {'line': b'-- Symlinking: /home/tarun/surveillance_bot/ros2/ws/install/edgevision_msgs/include/edgevision_msgs/edgevision_msgs/msg/detail/tracked_detection_array__traits.hpp\n'}
[10.822386] (edgevision_msgs) StdoutLine: {'line': b'-- Symlinking: /home/tarun/surveillance_bot/ros2/ws/install/edgevision_msgs/include/edgevision_msgs/edgevision_msgs/msg/detail/tracked_detection_array__type_support.hpp\n'}
[10.833571] (edgevision_msgs) StdoutLine: {'line': b'-- Symlinking: /home/tarun/surveillance_bot/ros2/ws/install/edgevision_msgs/include/edgevision_msgs/edgevision_msgs/msg/detection.hpp\n'}
[10.847666] (edgevision_msgs) StdoutLine: {'line': b'-- Symlinking: /home/tarun/surveillance_bot/ros2/ws/install/edgevision_msgs/include/edgevision_msgs/edgevision_msgs/msg/detection_array.hpp\n'}
[10.860166] (-) TimerEvent: {}
[10.865829] (edgevision_msgs) StdoutLine: {'line': b'-- Symlinking: /home/tarun/surveillance_bot/ros2/ws/install/edgevision_msgs/include/edgevision_msgs/edgevision_msgs/msg/face_detection.hpp\n'}
[10.878499] (edgevision_msgs) StdoutLine: {'line': b'-- Symlinking: /home/tarun/surveillance_bot/ros2/ws/install/edgevision_msgs/include/edgevision_msgs/edgevision_msgs/msg/face_detection_array.hpp\n'}
[10.892663] (edgevision_msgs) StdoutLine: {'line': b'-- Symlinking: /home/tarun/surveillance_bot/ros2/ws/install/edgevision_msgs/include/edgevision_msgs/edgevision_msgs/msg/rosidl_generator_cpp__visibility_control.hpp\n'}
[10.903549] (edgevision_msgs) StdoutLine: {'line': b'-- Symlinking: /home/tarun/surveillance_bot/ros2/ws/install/edgevision_msgs/include/edgevision_msgs/edgevision_msgs/msg/tracked_detection.hpp\n'}
[10.913987] (edgevision_msgs) StdoutLine: {'line': b'-- Symlinking: /home/tarun/surveillance_bot/ros2/ws/install/edgevision_msgs/include/edgevision_msgs/edgevision_msgs/msg/tracked_detection_array.hpp\n'}
[10.926283] (edgevision_msgs) StdoutLine: {'line': b'-- Symlinking: /home/tarun/surveillance_bot/ros2/ws/install/edgevision_msgs/include/edgevision_msgs/edgevision_msgs/msg/detail/detection__rosidl_typesupport_fastrtps_cpp.hpp\n'}
[10.936591] (edgevision_msgs) StdoutLine: {'line': b'-- Symlinking: /home/tarun/surveillance_bot/ros2/ws/install/edgevision_msgs/include/edgevision_msgs/edgevision_msgs/msg/detail/detection_array__rosidl_typesupport_fastrtps_cpp.hpp\n'}
[10.946916] (edgevision_msgs) StdoutLine: {'line': b'-- Symlinking: /home/tarun/surveillance_bot/ros2/ws/install/edgevision_msgs/include/edgevision_msgs/edgevision_msgs/msg/detail/face_detection__rosidl_typesupport_fastrtps_cpp.hpp\n'}
[10.957399] (edgevision_msgs) StdoutLine: {'line': b'-- Symlinking: /home/tarun/surveillance_bot/ros2/ws/install/edgevision_msgs/include/edgevision_msgs/edgevision_msgs/msg/detail/face_detection_array__rosidl_typesupport_fastrtps_cpp.hpp\n'}
[10.960245] (-) TimerEvent: {}
[10.968005] (edgevision_msgs) StdoutLine: {'line': b'-- Symlinking: /home/tarun/surveillance_bot/ros2/ws/install/edgevision_msgs/include/edgevision_msgs/edgevision_msgs/msg/detail/tracked_detection__rosidl_typesupport_fastrtps_cpp.hpp\n'}
[10.979608] (edgevision_msgs) StdoutLine: {'line': b'-- Symlinking: /home/tarun/surveillance_bot/ros2/ws/install/edgevision_msgs/include/edgevision_msgs/edgevision_msgs/msg/detail/tracked_detection_array__rosidl_typesupport_fastrtps_cpp.hpp\n'}
[10.997417] (edgevision_msgs) StdoutLine: {'line': b'-- Symlinking: /home/tarun/surveillance_bot/ros2/ws/install/edgevision_msgs/include/edgevision_msgs/edgevision_msgs/msg/rosidl_typesupport_fastrtps_cpp__visibility_control.h\n'}
[11.010571] (edgevision_msgs) StdoutLine: {'line': b'-- Symlinking: /home/tarun/surveillance_bot/ros2/ws/install/edgevision_msgs/include/edgevision_msgs/edgevision_msgs/msg/detail/detection__rosidl_typesupport_introspection_cpp.hpp\n'}
[11.023795] (edgevision_msgs) StdoutLine: {'line': b'-- Symlinking: /home/tarun/surveillance_bot/ros2/ws/install/edgevision_msgs/include/edgevision_msgs/edgevision_msgs/msg/detail/detection_array__rosidl_typesupport_introspection_cpp.hpp\n'}
[11.036947] (edgevision_msgs) StdoutLine: {'line': b'-- Symlinking: /home/tarun/surveillance_bot/ros2/ws/install/edgevision_msgs/include/edgevision_msgs/edgevision_msgs/msg/detail/face_detection__rosidl_typesupport_introspection_cpp.hpp\n'}
[11.051012] (edgevision_msgs) StdoutLine: {'line': b'-- Symlinking: /home/tarun/surveillance_bot/ros2/ws/install/edgevision_msgs/include/edgevision_msgs/edgevision_msgs/msg/detail/face_detection_array__rosidl_typesupport_introspection_cpp.hpp\n'}
[11.060386] (-) TimerEvent: {}
[11.065481] (edgevision_msgs) StdoutLine: {'line': b'-- Symlinking: /home/tarun/surveillance_bot/ros2/ws/install/edgevision_msgs/include/edgevision_msgs/edgevision_msgs/msg/detail/tracked_detection__rosidl_typesupport_introspection_cpp.hpp\n'}
[11.077696] (edgevision_msgs) StdoutLine: {'line': b'-- Symlinking: /home/tarun/surveillance_bot/ros2/ws/install/edgevision_msgs/include/edgevision_msgs/edgevision_msgs/msg/detail/tracked_detection_array__rosidl_typesupport_introspection_cpp.hpp\n'}
[11.090013] (edgevision_msgs) StdoutLine: {'line': b'-- Symlinking: /home/tarun/surveillance_bot/ros2/ws/install/edgevision_msgs/share/edgevision_msgs/environment/pythonpath.sh\n'}
[11.101028] (edgevision_msgs) StdoutLine: {'line': b'-- Symlinking: /home/tarun/surveillance_bot/ros2/ws/install/edgevision_msgs/share/edgevision_msgs/environment/pythonpath.dsv\n'}
[11.112458] (edgevision_msgs) StdoutLine: {'line': b'-- Symlinking: /home/tarun/surveillance_bot/ros2/ws/install/edgevision_msgs/lib/python3.10/site-packages/edgevision_msgs-0.0.0-py3.10.egg-info/PKG-INFO\n'}
[11.125821] (edgevision_msgs) StdoutLine: {'line': b'-- Symlinking: /home/tarun/surveillance_bot/ros2/ws/install/edgevision_msgs/lib/python3.10/site-packages/edgevision_msgs-0.0.0-py3.10.egg-info/SOURCES.txt\n'}
[11.137722] (edgevision_msgs) StdoutLine: {'line': b'-- Symlinking: /home/tarun/surveillance_bot/ros2/ws/install/edgevision_msgs/lib/python3.10/site-packages/edgevision_msgs-0.0.0-py3.10.egg-info/dependency_links.txt\n'}
[11.150272] (edgevision_msgs) StdoutLine: {'line': b'-- Symlinking: /home/tarun/surveillance_bot/ros2/ws/install/edgevision_msgs/lib/python3.10/site-packages/edgevision_msgs-0.0.0-py3.10.egg-info/top_level.txt\n'}
[11.160516] (-) TimerEvent: {}
[11.165158] (edgevision_msgs) StdoutLine: {'line': b'-- Symlinking: /home/tarun/surveillance_bot/ros2/ws/install/edgevision_msgs/lib/python3.10/site-packages/edgevision_msgs/__init__.py\n'}
[11.179408] (edgevision_msgs) StdoutLine: {'line': b'-- Symlinking: /home/tarun/surveillance_bot/ros2/ws/install/edgevision_msgs/lib/python3.10/site-packages/edgevision_msgs/_edgevision_msgs_s.ep.rosidl_typesupport_c.c\n'}
[11.198606] (edgevision_msgs) StdoutLine: {'line': b'-- Symlinking: /home/tarun/surveillance_bot/ros2/ws/install/edgevision_msgs/lib/python3.10/site-packages/edgevision_msgs/_edgevision_msgs_s.ep.rosidl_typesupport_fastrtps_c.c\n'}
[11.209661] (edgevision_msgs) StdoutLine: {'line': b'-- Symlinking: /home/tarun/surveillance_bot/ros2/ws/install/edgevision_msgs/lib/python3.10/site-packages/edgevision_msgs/_edgevision_msgs_s.ep.rosidl_typesupport_introspection_c.c\n'}
[11.220262] (edgevision_msgs) StdoutLine: {'line': b'-- Symlinking: /home/tarun/surveillance_bot/ros2/ws/install/edgevision_msgs/lib/python3.10/site-packages/edgevision_msgs/edgevision_msgs_s__rosidl_typesupport_c.cpython-310-x86_64-linux-gnu.so\n'}
[11.231227] (edgevision_msgs) StdoutLine: {'line': b'-- Symlinking: /home/tarun/surveillance_bot/ros2/ws/install/edgevision_msgs/lib/python3.10/site-packages/edgevision_msgs/edgevision_msgs_s__rosidl_typesupport_fastrtps_c.cpython-310-x86_64-linux-gnu.so\n'}
[11.242770] (edgevision_msgs) StdoutLine: {'line': b'-- Symlinking: /home/tarun/surveillance_bot/ros2/ws/install/edgevision_msgs/lib/python3.10/site-packages/edgevision_msgs/edgevision_msgs_s__rosidl_typesupport_introspection_c.cpython-310-x86_64-linux-gnu.so\n'}
[11.254264] (edgevision_msgs) StdoutLine: {'line': b'-- Symlinking: /home/tarun/surveillance_bot/ros2/ws/install/edgevision_msgs/lib/python3.10/site-packages/edgevision_msgs/libedgevision_msgs__rosidl_generator_py.so\n'}
[11.260641] (-) TimerEvent: {}
[11.266003] (edgevision_msgs) StdoutLine: {'line': b'-- Symlinking: /home/tarun/surveillance_bot/ros2/ws/install/edgevision_msgs/lib/python3.10/site-packages/edgevision_msgs/msg/__init__.py\n'}
[11.278863] (edgevision_msgs) StdoutLine: {'line': b'-- Symlinking: /home/tarun/surveillance_bot/ros2/ws/install/edgevision_msgs/lib/python3.10/site-packages/edgevision_msgs/msg/_detection.py\n'}
[11.290741] (edgevision_msgs) StdoutLine: {'line': b'-- Symlinking: /home/tarun/surveillance_bot/ros2/ws/install/edgevision_msgs/lib/python3.10/site-packages/edgevision_msgs/msg/_detection_array.py\n'}
[11.302775] (edgevision_msgs) StdoutLine: {'line': b'-- Symlinking: /home/tarun/surveillance_bot/ros2/ws/install/edgevision_msgs/lib/python3.10/site-packages/edgevision_msgs/msg/_detection_array_s.c\n'}
[11.314060] (edgevision_msgs) StdoutLine: {'line': b'-- Symlinking: /home/tarun/surveillance_bot/ros2/ws/install/edgevision_msgs/lib/python3.10/site-packages/edgevision_msgs/msg/_detection_s.c\n'}
[11.325245] (edgevision_msgs) StdoutLine: {'line': b'-- Symlinking: /home/tarun/surveillance_bot/ros2/ws/install/edgevision_msgs/lib/python3.10/site-packages/edgevision_msgs/msg/_face_detection.py\n'}
[11.336219] (edgevision_msgs) StdoutLine: {'line': b'-- Symlinking: /home/tarun/surveillance_bot/ros2/ws/install/edgevision_msgs/lib/python3.10/site-packages/edgevision_msgs/msg/_face_detection_array.py\n'}
[11.347258] (edgevision_msgs) StdoutLine: {'line': b'-- Symlinking: /home/tarun/surveillance_bot/ros2/ws/install/edgevision_msgs/lib/python3.10/site-packages/edgevision_msgs/msg/_face_detection_array_s.c\n'}
[11.360733] (-) TimerEvent: {}
[11.368237] (edgevision_msgs) StdoutLine: {'line': b'-- Symlinking: /home/tarun/surveillance_bot/ros2/ws/install/edgevision_msgs/lib/python3.10/site-packages/edgevision_msgs/msg/_face_detection_s.c\n'}
[11.380182] (edgevision_msgs) StdoutLine: {'line': b'-- Symlinking: /home/tarun/surveillance_bot/ros2/ws/install/edgevision_msgs/lib/python3.10/site-packages/edgevision_msgs/msg/_tracked_detection.py\n'}
[11.398925] (edgevision_msgs) StdoutLine: {'line': b'-- Symlinking: /home/tarun/surveillance_bot/ros2/ws/install/edgevision_msgs/lib/python3.10/site-packages/edgevision_msgs/msg/_tracked_detection_array.py\n'}
[11.419314] (edgevision_msgs) StdoutLine: {'line': b'-- Symlinking: /home/tarun/surveillance_bot/ros2/ws/install/edgevision_msgs/lib/python3.10/site-packages/edgevision_msgs/msg/_tracked_detection_array_s.c\n'}
[11.430965] (edgevision_msgs) StdoutLine: {'line': b'-- Symlinking: /home/tarun/surveillance_bot/ros2/ws/install/edgevision_msgs/lib/python3.10/site-packages/edgevision_msgs/msg/_tracked_detection_s.c\n'}
[11.451532] (edgevision_msgs) StdoutLine: {'line': b'-- Up-to-date symlink: /home/tarun/surveillance_bot/ros2/ws/install/edgevision_msgs/lib/python3.10/site-packages/edgevision_msgs/edgevision_msgs_s__rosidl_typesupport_fastrtps_c.cpython-310-x86_64-linux-gnu.so\n'}
[11.452231] (edgevision_msgs) StdoutLine: {'line': b'-- Up-to-date symlink: /home/tarun/surveillance_bot/ros2/ws/install/edgevision_msgs/lib/python3.10/site-packages/edgevision_msgs/edgevision_msgs_s__rosidl_typesupport_introspection_c.cpython-310-x86_64-linux-gnu.so\n'}
[11.452986] (edgevision_msgs) StdoutLine: {'line': b'-- Up-to-date symlink: /home/tarun/surveillance_bot/ros2/ws/install/edgevision_msgs/lib/python3.10/site-packages/edgevision_msgs/edgevision_msgs_s__rosidl_typesupport_c.cpython-310-x86_64-linux-gnu.so\n'}
[11.453548] (edgevision_msgs) StdoutLine: {'line': b'-- Symlinking: /home/tarun/surveillance_bot/ros2/ws/install/edgevision_msgs/share/ament_index/resource_index/rust_packages/edgevision_msgs\n'}
[11.460850] (-) TimerEvent: {}
[11.477532] (edgevision_msgs) StdoutLine: {'line': b'-- Symlinking: /home/tarun/surveillance_bot/ros2/ws/install/edgevision_msgs/share/edgevision_msgs/rust/Cargo.toml\n'}
[11.499598] (edgevision_msgs) StdoutLine: {'line': b'-- Symlinking: /home/tarun/surveillance_bot/ros2/ws/install/edgevision_msgs/share/edgevision_msgs/rust/build.rs\n'}
[11.512274] (edgevision_msgs) StdoutLine: {'line': b'-- Symlinking: /home/tarun/surveillance_bot/ros2/ws/install/edgevision_msgs/share/edgevision_msgs/rust/src/lib.rs\n'}
[11.524679] (edgevision_msgs) StdoutLine: {'line': b'-- Symlinking: /home/tarun/surveillance_bot/ros2/ws/install/edgevision_msgs/share/edgevision_msgs/rust/src/msg.rs\n'}
[11.537110] (edgevision_msgs) StdoutLine: {'line': b'-- Symlinking: /home/tarun/surveillance_bot/ros2/ws/install/edgevision_msgs/share/edgevision_msgs/rust/src/msg/rmw.rs\n'}
[11.549660] (edgevision_msgs) StdoutLine: {'line': b'-- Symlinking: /home/tarun/surveillance_bot/ros2/ws/install/edgevision_msgs/share/edgevision_msgs/msg/Detection.idl\n'}
[11.561020] (edgevision_msgs) StdoutLine: {'line': b'-- Symlinking: /home/tarun/surveillance_bot/ros2/ws/install/edgevision_msgs/share/edgevision_msgs/msg/DetectionArray.idl\n'}
[11.561293] (-) TimerEvent: {}
[11.575033] (edgevision_msgs) StdoutLine: {'line': b'-- Symlinking: /home/tarun/surveillance_bot/ros2/ws/install/edgevision_msgs/share/edgevision_msgs/msg/TrackedDetection.idl\n'}
[11.587983] (edgevision_msgs) StdoutLine: {'line': b'-- Symlinking: /home/tarun/surveillance_bot/ros2/ws/install/edgevision_msgs/share/edgevision_msgs/msg/TrackedDetectionArray.idl\n'}
[11.600065] (edgevision_msgs) StdoutLine: {'line': b'-- Symlinking: /home/tarun/surveillance_bot/ros2/ws/install/edgevision_msgs/share/edgevision_msgs/msg/FaceDetection.idl\n'}
[11.611308] (edgevision_msgs) StdoutLine: {'line': b'-- Symlinking: /home/tarun/surveillance_bot/ros2/ws/install/edgevision_msgs/share/edgevision_msgs/msg/FaceDetectionArray.idl\n'}
[11.625149] (edgevision_msgs) StdoutLine: {'line': b'-- Symlinking: /home/tarun/surveillance_bot/ros2/ws/install/edgevision_msgs/share/edgevision_msgs/msg/Detection.msg\n'}
[11.643113] (edgevision_msgs) StdoutLine: {'line': b'-- Symlinking: /home/tarun/surveillance_bot/ros2/ws/install/edgevision_msgs/share/edgevision_msgs/msg/DetectionArray.msg\n'}
[11.654838] (edgevision_msgs) StdoutLine: {'line': b'-- Symlinking: /home/tarun/surveillance_bot/ros2/ws/install/edgevision_msgs/share/edgevision_msgs/msg/TrackedDetection.msg\n'}
[11.661427] (-) TimerEvent: {}
[11.669072] (edgevision_msgs) StdoutLine: {'line': b'-- Symlinking: /home/tarun/surveillance_bot/ros2/ws/install/edgevision_msgs/share/edgevision_msgs/msg/TrackedDetectionArray.msg\n'}
[11.681595] (edgevision_msgs) StdoutLine: {'line': b'-- Symlinking: /home/tarun/surveillance_bot/ros2/ws/install/edgevision_msgs/share/edgevision_msgs/msg/FaceDetection.msg\n'}
[11.695973] (edgevision_msgs) StdoutLine: {'line': b'-- Symlinking: /home/tarun/surveillance_bot/ros2/ws/install/edgevision_msgs/share/edgevision_msgs/msg/FaceDetectionArray.msg\n'}
[11.707499] (edgevision_msgs) StdoutLine: {'line': b'-- Symlinking: /home/tarun/surveillance_bot/ros2/ws/install/edgevision_msgs/share/ament_index/resource_index/package_run_dependencies/edgevision_msgs\n'}
[11.718628] (edgevision_msgs) StdoutLine: {'line': b'-- Symlinking: /home/tarun/surveillance_bot/ros2/ws/install/edgevision_msgs/share/ament_index/resource_index/parent_prefix_path/edgevision_msgs\n'}
[11.731728] (edgevision_msgs) StdoutLine: {'line': b'-- Symlinking: /home/tarun/surveillance_bot/ros2/ws/install/edgevision_msgs/share/edgevision_msgs/environment/ament_prefix_path.sh\n'}
[11.751319] (edgevision_msgs) StdoutLine: {'line': b'-- Symlinking: /home/tarun/surveillance_bot/ros2/ws/install/edgevision_msgs/share/edgevision_msgs/environment/ament_prefix_path.dsv\n'}
[11.761522] (-) TimerEvent: {}
[11.761831] (edgevision_msgs) StdoutLine: {'line': b'-- Symlinking: /home/tarun/surveillance_bot/ros2/ws/install/edgevision_msgs/share/edgevision_msgs/environment/path.sh\n'}
[11.773359] (edgevision_msgs) StdoutLine: {'line': b'-- Symlinking: /home/tarun/surveillance_bot/ros2/ws/install/edgevision_msgs/share/edgevision_msgs/environment/path.dsv\n'}
[11.789023] (edgevision_msgs) StdoutLine: {'line': b'-- Symlinking: /home/tarun/surveillance_bot/ros2/ws/install/edgevision_msgs/share/edgevision_msgs/local_setup.bash\n'}
[11.800425] (edgevision_msgs) StdoutLine: {'line': b'-- Symlinking: /home/tarun/surveillance_bot/ros2/ws/install/edgevision_msgs/share/edgevision_msgs/local_setup.sh\n'}
[11.811698] (edgevision_msgs) StdoutLine: {'line': b'-- Symlinking: /home/tarun/surveillance_bot/ros2/ws/install/edgevision_msgs/share/edgevision_msgs/local_setup.zsh\n'}
[11.822597] (edgevision_msgs) StdoutLine: {'line': b'-- Symlinking: /home/tarun/surveillance_bot/ros2/ws/install/edgevision_msgs/share/edgevision_msgs/local_setup.dsv\n'}
[11.833537] (edgevision_msgs) StdoutLine: {'line': b'-- Symlinking: /home/tarun/surveillance_bot/ros2/ws/install/edgevision_msgs/share/edgevision_msgs/package.dsv\n'}
[11.845221] (edgevision_msgs) StdoutLine: {'line': b'-- Symlinking: /home/tarun/surveillance_bot/ros2/ws/install/edgevision_msgs/share/ament_index/resource_index/packages/edgevision_msgs\n'}
[11.857887] (edgevision_msgs) StdoutLine: {'line': b'-- Symlinking: /home/tarun/surveillance_bot/ros2/ws/install/edgevision_msgs/share/edgevision_msgs/cmake/rosidl_cmake-extras.cmake\n'}
[11.861642] (-) TimerEvent: {}
[11.869537] (edgevision_msgs) StdoutLine: {'line': b'-- Symlinking: /home/tarun/surveillance_bot/ros2/ws/install/edgevision_msgs/share/edgevision_msgs/cmake/ament_cmake_export_dependencies-extras.cmake\n'}
[11.881698] (edgevision_msgs) StdoutLine: {'line': b'-- Symlinking: /home/tarun/surveillance_bot/ros2/ws/install/edgevision_msgs/share/edgevision_msgs/cmake/ament_cmake_export_include_directories-extras.cmake\n'}
[11.894375] (edgevision_msgs) StdoutLine: {'line': b'-- Symlinking: /home/tarun/surveillance_bot/ros2/ws/install/edgevision_msgs/share/edgevision_msgs/cmake/ament_cmake_export_libraries-extras.cmake\n'}
[11.920597] (edgevision_msgs) StdoutLine: {'line': b'-- Symlinking: /home/tarun/surveillance_bot/ros2/ws/install/edgevision_msgs/share/edgevision_msgs/cmake/ament_cmake_export_targets-extras.cmake\n'}
[11.933439] (edgevision_msgs) StdoutLine: {'line': b'-- Symlinking: /home/tarun/surveillance_bot/ros2/ws/install/edgevision_msgs/share/edgevision_msgs/cmake/rosidl_cmake_export_typesupport_targets-extras.cmake\n'}
[11.944619] (edgevision_msgs) StdoutLine: {'line': b'-- Symlinking: /home/tarun/surveillance_bot/ros2/ws/install/edgevision_msgs/share/edgevision_msgs/cmake/rosidl_cmake_export_typesupport_libraries-extras.cmake\n'}
[11.955838] (edgevision_msgs) StdoutLine: {'line': b'-- Symlinking: /home/tarun/surveillance_bot/ros2/ws/install/edgevision_msgs/share/edgevision_msgs/cmake/rosidl_cmake_aggregate_target-extras.cmake\n'}
[11.961761] (-) TimerEvent: {}
[11.967168] (edgevision_msgs) StdoutLine: {'line': b'-- Symlinking: /home/tarun/surveillance_bot/ros2/ws/install/edgevision_msgs/share/edgevision_msgs/cmake/edgevision_msgsConfig.cmake\n'}
[11.980094] (edgevision_msgs) StdoutLine: {'line': b'-- Symlinking: /home/tarun/surveillance_bot/ros2/ws/install/edgevision_msgs/share/edgevision_msgs/cmake/edgevision_msgsConfig-version.cmake\n'}
[11.992442] (edgevision_msgs) StdoutLine: {'line': b'-- Symlinking: /home/tarun/surveillance_bot/ros2/ws/install/edgevision_msgs/share/edgevision_msgs/package.xml\n'}
[12.004762] (edgevision_msgs) StdoutLine: {'line': b'-- Installing: /home/tarun/surveillance_bot/ros2/ws/install/edgevision_msgs/lib/libedgevision_msgs__rosidl_generator_c.so\n'}
[12.006034] (edgevision_msgs) StdoutLine: {'line': b'-- Set runtime path of "/home/tarun/surveillance_bot/ros2/ws/install/edgevision_msgs/lib/libedgevision_msgs__rosidl_generator_c.so" to ""\n'}
[12.006300] (edgevision_msgs) StdoutLine: {'line': b'-- Installing: /home/tarun/surveillance_bot/ros2/ws/install/edgevision_msgs/lib/libedgevision_msgs__rosidl_typesupport_fastrtps_c.so\n'}
[12.007563] (edgevision_msgs) StdoutLine: {'line': b'-- Set runtime path of "/home/tarun/surveillance_bot/ros2/ws/install/edgevision_msgs/lib/libedgevision_msgs__rosidl_typesupport_fastrtps_c.so" to ""\n'}
[12.007818] (edgevision_msgs) StdoutLine: {'line': b'-- Installing: /home/tarun/surveillance_bot/ros2/ws/install/edgevision_msgs/lib/libedgevision_msgs__rosidl_typesupport_introspection_c.so\n'}
[12.009000] (edgevision_msgs) StdoutLine: {'line': b'-- Set runtime path of "/home/tarun/surveillance_bot/ros2/ws/install/edgevision_msgs/lib/libedgevision_msgs__rosidl_typesupport_introspection_c.so" to ""\n'}
[12.009244] (edgevision_msgs) StdoutLine: {'line': b'-- Installing: /home/tarun/surveillance_bot/ros2/ws/install/edgevision_msgs/lib/libedgevision_msgs__rosidl_typesupport_c.so\n'}
[12.010310] (edgevision_msgs) StdoutLine: {'line': b'-- Set runtime path of "/home/tarun/surveillance_bot/ros2/ws/install/edgevision_msgs/lib/libedgevision_msgs__rosidl_typesupport_c.so" to ""\n'}
[12.010565] (edgevision_msgs) StdoutLine: {'line': b'-- Installing: /home/tarun/surveillance_bot/ros2/ws/install/edgevision_msgs/lib/libedgevision_msgs__rosidl_typesupport_fastrtps_cpp.so\n'}
[12.012175] (edgevision_msgs) StdoutLine: {'line': b'-- Set runtime path of "/home/tarun/surveillance_bot/ros2/ws/install/edgevision_msgs/lib/libedgevision_msgs__rosidl_typesupport_fastrtps_cpp.so" to ""\n'}
[12.012425] (edgevision_msgs) StdoutLine: {'line': b'-- Installing: /home/tarun/surveillance_bot/ros2/ws/install/edgevision_msgs/lib/libedgevision_msgs__rosidl_typesupport_introspection_cpp.so\n'}
[12.013959] (edgevision_msgs) StdoutLine: {'line': b'-- Set runtime path of "/home/tarun/surveillance_bot/ros2/ws/install/edgevision_msgs/lib/libedgevision_msgs__rosidl_typesupport_introspection_cpp.so" to ""\n'}
[12.014231] (edgevision_msgs) StdoutLine: {'line': b'-- Installing: /home/tarun/surveillance_bot/ros2/ws/install/edgevision_msgs/lib/libedgevision_msgs__rosidl_typesupport_cpp.so\n'}
[12.015266] (edgevision_msgs) StdoutLine: {'line': b'-- Set runtime path of "/home/tarun/surveillance_bot/ros2/ws/install/edgevision_msgs/lib/libedgevision_msgs__rosidl_typesupport_cpp.so" to ""\n'}
[12.061900] (-) TimerEvent: {}
[12.069387] (edgevision_msgs) StdoutLine: {'line': b"Listing '/home/tarun/surveillance_bot/ros2/ws/install/edgevision_msgs/lib/python3.10/site-packages/edgevision_msgs'...\n"}
[12.069631] (edgevision_msgs) StdoutLine: {'line': b"Compiling '/home/tarun/surveillance_bot/ros2/ws/install/edgevision_msgs/lib/python3.10/site-packages/edgevision_msgs/__init__.py'...\n"}
[12.069754] (edgevision_msgs) StdoutLine: {'line': b"Listing '/home/tarun/surveillance_bot/ros2/ws/install/edgevision_msgs/lib/python3.10/site-packages/edgevision_msgs/msg'...\n"}
[12.069868] (edgevision_msgs) StdoutLine: {'line': b"Compiling '/home/tarun/surveillance_bot/ros2/ws/install/edgevision_msgs/lib/python3.10/site-packages/edgevision_msgs/msg/__init__.py'...\n"}
[12.069980] (edgevision_msgs) StdoutLine: {'line': b"Compiling '/home/tarun/surveillance_bot/ros2/ws/install/edgevision_msgs/lib/python3.10/site-packages/edgevision_msgs/msg/_detection.py'...\n"}
[12.070071] (edgevision_msgs) StdoutLine: {'line': b"Compiling '/home/tarun/surveillance_bot/ros2/ws/install/edgevision_msgs/lib/python3.10/site-packages/edgevision_msgs/msg/_detection_array.py'...\n"}
[12.070161] (edgevision_msgs) StdoutLine: {'line': b"Compiling '/home/tarun/surveillance_bot/ros2/ws/install/edgevision_msgs/lib/python3.10/site-packages/edgevision_msgs/msg/_face_detection.py'...\n"}
[12.070251] (edgevision_msgs) StdoutLine: {'line': b"Compiling '/home/tarun/surveillance_bot/ros2/ws/install/edgevision_msgs/lib/python3.10/site-packages/edgevision_msgs/msg/_face_detection_array.py'...\n"}
[12.070344] (edgevision_msgs) StdoutLine: {'line': b"Compiling '/home/tarun/surveillance_bot/ros2/ws/install/edgevision_msgs/lib/python3.10/site-packages/edgevision_msgs/msg/_tracked_detection.py'...\n"}
[12.070435] (edgevision_msgs) StdoutLine: {'line': b"Compiling '/home/tarun/surveillance_bot/ros2/ws/install/edgevision_msgs/lib/python3.10/site-packages/edgevision_msgs/msg/_tracked_detection_array.py'...\n"}
[12.076414] (edgevision_msgs) StdoutLine: {'line': b'-- Installing: /home/tarun/surveillance_bot/ros2/ws/install/edgevision_msgs/lib/libedgevision_msgs__rosidl_generator_py.so\n'}
[12.078164] (edgevision_msgs) StdoutLine: {'line': b'-- Set runtime path of "/home/tarun/surveillance_bot/ros2/ws/install/edgevision_msgs/lib/libedgevision_msgs__rosidl_generator_py.so" to ""\n'}
[12.078380] (edgevision_msgs) StdoutLine: {'line': b'-- Installing: /home/tarun/surveillance_bot/ros2/ws/install/edgevision_msgs/share/edgevision_msgs/cmake/export_edgevision_msgs__rosidl_generator_cExport.cmake\n'}
[12.078884] (edgevision_msgs) StdoutLine: {'line': b'-- Installing: /home/tarun/surveillance_bot/ros2/ws/install/edgevision_msgs/share/edgevision_msgs/cmake/export_edgevision_msgs__rosidl_generator_cExport-noconfig.cmake\n'}
[12.079372] (edgevision_msgs) StdoutLine: {'line': b'-- Installing: /home/tarun/surveillance_bot/ros2/ws/install/edgevision_msgs/share/edgevision_msgs/cmake/export_edgevision_msgs__rosidl_typesupport_fastrtps_cExport.cmake\n'}
[12.079865] (edgevision_msgs) StdoutLine: {'line': b'-- Installing: /home/tarun/surveillance_bot/ros2/ws/install/edgevision_msgs/share/edgevision_msgs/cmake/export_edgevision_msgs__rosidl_typesupport_fastrtps_cExport-noconfig.cmake\n'}
[12.080387] (edgevision_msgs) StdoutLine: {'line': b'-- Installing: /home/tarun/surveillance_bot/ros2/ws/install/edgevision_msgs/share/edgevision_msgs/cmake/edgevision_msgs__rosidl_typesupport_introspection_cExport.cmake\n'}
[12.080885] (edgevision_msgs) StdoutLine: {'line': b'-- Installing: /home/tarun/surveillance_bot/ros2/ws/install/edgevision_msgs/share/edgevision_msgs/cmake/edgevision_msgs__rosidl_typesupport_introspection_cExport-noconfig.cmake\n'}
[12.081363] (edgevision_msgs) StdoutLine: {'line': b'-- Installing: /home/tarun/surveillance_bot/ros2/ws/install/edgevision_msgs/share/edgevision_msgs/cmake/edgevision_msgs__rosidl_typesupport_cExport.cmake\n'}
[12.081854] (edgevision_msgs) StdoutLine: {'line': b'-- Installing: /home/tarun/surveillance_bot/ros2/ws/install/edgevision_msgs/share/edgevision_msgs/cmake/edgevision_msgs__rosidl_typesupport_cExport-noconfig.cmake\n'}
[12.082328] (edgevision_msgs) StdoutLine: {'line': b'-- Installing: /home/tarun/surveillance_bot/ros2/ws/install/edgevision_msgs/share/edgevision_msgs/cmake/export_edgevision_msgs__rosidl_generator_cppExport.cmake\n'}
[12.082841] (edgevision_msgs) StdoutLine: {'line': b'-- Installing: /home/tarun/surveillance_bot/ros2/ws/install/edgevision_msgs/share/edgevision_msgs/cmake/export_edgevision_msgs__rosidl_typesupport_fastrtps_cppExport.cmake\n'}
[12.083309] (edgevision_msgs) StdoutLine: {'line': b'-- Installing: /home/tarun/surveillance_bot/ros2/ws/install/edgevision_msgs/share/edgevision_msgs/cmake/export_edgevision_msgs__rosidl_typesupport_fastrtps_cppExport-noconfig.cmake\n'}
[12.083828] (edgevision_msgs) StdoutLine: {'line': b'-- Installing: /home/tarun/surveillance_bot/ros2/ws/install/edgevision_msgs/share/edgevision_msgs/cmake/edgevision_msgs__rosidl_typesupport_introspection_cppExport.cmake\n'}
[12.084352] (edgevision_msgs) StdoutLine: {'line': b'-- Installing: /home/tarun/surveillance_bot/ros2/ws/install/edgevision_msgs/share/edgevision_msgs/cmake/edgevision_msgs__rosidl_typesupport_introspection_cppExport-noconfig.cmake\n'}
[12.084930] (edgevision_msgs) StdoutLine: {'line': b'-- Installing: /home/tarun/surveillance_bot/ros2/ws/install/edgevision_msgs/share/edgevision_msgs/cmake/edgevision_msgs__rosidl_typesupport_cppExport.cmake\n'}
[12.085373] (edgevision_msgs) StdoutLine: {'line': b'-- Installing: /home/tarun/surveillance_bot/ros2/ws/install/edgevision_msgs/share/edgevision_msgs/cmake/edgevision_msgs__rosidl_typesupport_cppExport-noconfig.cmake\n'}
[12.085871] (edgevision_msgs) StdoutLine: {'line': b'-- Installing: /home/tarun/surveillance_bot/ros2/ws/install/edgevision_msgs/share/edgevision_msgs/cmake/export_edgevision_msgs__rosidl_generator_pyExport.cmake\n'}
[12.086342] (edgevision_msgs) StdoutLine: {'line': b'-- Installing: /home/tarun/surveillance_bot/ros2/ws/install/edgevision_msgs/share/edgevision_msgs/cmake/export_edgevision_msgs__rosidl_generator_pyExport-noconfig.cmake\n'}
[12.093157] (edgevision_msgs) CommandEnded: {'returncode': 0}
[12.148645] (edgevision_msgs) JobEnded: {'identifier': 'edgevision_msgs', 'rc': 0}
[12.150026] (edgevision_ros) JobStarted: {'identifier': 'edgevision_ros'}
[12.162023] (-) TimerEvent: {}
[12.262308] (-) TimerEvent: {}
[12.362636] (-) TimerEvent: {}
[12.463004] (-) TimerEvent: {}
[12.563385] (-) TimerEvent: {}
[12.663799] (-) TimerEvent: {}
[12.764692] (-) TimerEvent: {}
[12.865081] (-) TimerEvent: {}
[12.965398] (-) TimerEvent: {}
[13.065783] (-) TimerEvent: {}
[13.166114] (-) TimerEvent: {}
[13.266550] (-) TimerEvent: {}
[13.366943] (-) TimerEvent: {}
[13.417944] (edgevision_ros) Command: {'cmd': ['/usr/bin/python3', '-W', 'ignore:setup.py install is deprecated', '-W', 'ignore:easy_install command is deprecated', 'setup.py', 'develop', '--editable', '--build-directory', '/home/tarun/surveillance_bot/ros2/ws/build/edgevision_ros/build', '--no-deps', 'symlink_data'], 'cwd': '/home/tarun/surveillance_bot/ros2/ws/build/edgevision_ros', 'env': {'PYTHON_BASIC_REPL': '1', 'LESSOPEN': '| /usr/bin/lesspipe %s', 'LANGUAGE': 'en_IN:en', 'USER': 'tarun', 'XDG_SESSION_TYPE': 'wayland', 'GIT_ASKPASS': '/usr/share/code/resources/app/extensions/git/dist/askpass.sh', 'SHLVL': '2', 'LD_LIBRARY_PATH': '/home/tarun/surveillance_bot/ros2/ws/install/edgevision_msgs/lib:/opt/ros/humble/opt/rviz_ogre_vendor/lib:/opt/ros/humble/lib/x86_64-linux-gnu:/opt/ros/humble/lib', 'HOME': '/home/tarun', 'CHROME_DESKTOP': 'code.desktop', 'OLDPWD': '/home/tarun/surveillance_bot/ros2/ws', 'TERM_PROGRAM_VERSION': '1.129.0', 'DESKTOP_SESSION': 'ubuntu', 'ROS_PYTHON_VERSION': '3', 'GNOME_SHELL_SESSION_MODE': 'ubuntu', 'GTK_MODULES': 'gail:atk-bridge', 'VSCODE_GIT_ASKPASS_MAIN': '/usr/share/code/resources/app/extensions/git/dist/askpass-main.js', 'PS1': '\\[\x1b]633;A\x07\\](.venv) \\[\x1b]633;A\x07\\]\\[\\e]0;\\u@\\h: \\w\\a\\]${debian_chroot:+($debian_chroot)}\\[\\033[01;32m\\]\\u@\\h\\[\\033[00m\\]:\\[\\033[01;34m\\]\\w\\[\\033[00m\\]\\$ \\[\x1b]633;B\x07\\]\\[\x1b]633;B\x07\\]', 'VSCODE_GIT_ASKPASS_NODE': '/usr/share/code/code', 'PYDEVD_DISABLE_FILE_VALIDATION': '1', 'SYSTEMD_EXEC_PID': '1143', 'BUNDLED_DEBUGPY_PATH': '/home/tarun/.vscode/extensions/ms-python.debugpy-2026.6.0-linux-x64/bundled/libs/debugpy', 'VSCODE_PYTHON_AUTOACTIVATE_GUARD': '1', 'DBUS_SESSION_BUS_ADDRESS': 'unix:path=/run/user/1000/bus', 'COLORTERM': 'truecolor', 'IM_CONFIG_PHASE': '1', 'WAYLAND_DISPLAY': 'wayland-0', 'COLCON_PREFIX_PATH': '/home/tarun/surveillance_bot/ros2/ws/install', 'ROS_DISTRO': 'humble', 'LOGNAME': 'tarun', '_': '/usr/bin/colcon', 'ROS_VERSION': '2', 'XDG_SESSION_CLASS': 'user', 'USERNAME': 'tarun', 'TERM': 'xterm-256color', 'GNOME_DESKTOP_SESSION_ID': 'this-is-deprecated', 'FC_FONTATIONS': '1', 'ROS_LOCALHOST_ONLY': '0', 'PATH': '/home/tarun/surveillance_bot/.venv/bin:/home/tarun/.config/Code/User/globalStorage/github.copilot-chat/debugCommand:/home/tarun/.config/Code/User/globalStorage/github.copilot-chat/copilotCli:/opt/ros/humble/bin:/home/tarun/.local/bin:/usr/local/sbin:/usr/local/bin:/usr/sbin:/usr/bin:/sbin:/bin:/usr/games:/usr/local/games:/snap/bin:/snap/bin:/home/tarun/.vscode/extensions/ms-python.debugpy-2026.6.0-linux-x64/bundled/scripts/noConfigScripts', 'SESSION_MANAGER': 'local/tarun-TUF-Gaming-FX505DT-FX505DT:@/tmp/.ICE-unix/1108,unix/tarun-TUF-Gaming-FX505DT-FX505DT:/tmp/.ICE-unix/1108', 'XDG_MENU_PREFIX': 'gnome-', 'GNOME_TERMINAL_SCREEN': '/org/gnome/Terminal/screen/238d6e95_6302_47b1_b006_5013892b9764', 'GNOME_SETUP_DISPLAY': ':1', 'XDG_RUNTIME_DIR': '/run/user/1000', 'GDK_BACKEND': 'wayland', 'DISPLAY': ':0', 'VSCODE_DEBUGPY_ADAPTER_ENDPOINTS': '/home/tarun/.vscode/extensions/ms-python.debugpy-2026.6.0-linux-x64/.noConfigDebugAdapterEndpoints/endpoint-67ac97aa74ea169d.txt', 'LANG': 'en_US.UTF-8', 'XDG_CURRENT_DESKTOP': 'ubuntu:GNOME', 'PYTHONSTARTUP': '/home/tarun/.config/Code/User/workspaceStorage/7dc33f88aa8e1a6e0297bceb18243204/ms-python.python/pythonrc.py', 'VIRTUAL_ENV_PROMPT': '(.venv)', 'XMODIFIERS': '@im=ibus', 'XDG_SESSION_DESKTOP': 'ubuntu', 'XAUTHORITY': '/run/user/1000/.mutter-Xwaylandauth.NOGBS3', 'LS_COLORS': 'rs=0:di=01;34:ln=01;36:mh=00:pi=40;33:so=01;35:do=01;35:bd=40;33;01:cd=40;33;01:or=40;31;01:mi=00:su=37;41:sg=30;43:ca=30;41:tw=30;42:ow=34;42:st=37;44:ex=01;32:*.tar=01;31:*.tgz=01;31:*.arc=01;31:*.arj=01;31:*.taz=01;31:*.lha=01;31:*.lz4=01;31:*.lzh=01;31:*.lzma=01;31:*.tlz=01;31:*.txz=01;31:*.tzo=01;31:*.t7z=01;31:*.zip=01;31:*.z=01;31:*.dz=01;31:*.gz=01;31:*.lrz=01;31:*.lz=01;31:*.lzo=01;31:*.xz=01;31:*.zst=01;31:*.tzst=01;31:*.bz2=01;31:*.bz=01;31:*.tbz=01;31:*.tbz2=01;31:*.tz=01;31:*.deb=01;31:*.rpm=01;31:*.jar=01;31:*.war=01;31:*.ear=01;31:*.sar=01;31:*.rar=01;31:*.alz=01;31:*.ace=01;31:*.zoo=01;31:*.cpio=01;31:*.7z=01;31:*.rz=01;31:*.cab=01;31:*.wim=01;31:*.swm=01;31:*.dwm=01;31:*.esd=01;31:*.jpg=01;35:*.jpeg=01;35:*.mjpg=01;35:*.mjpeg=01;35:*.gif=01;35:*.bmp=01;35:*.pbm=01;35:*.pgm=01;35:*.ppm=01;35:*.tga=01;35:*.xbm=01;35:*.xpm=01;35:*.tif=01;35:*.tiff=01;35:*.png=01;35:*.svg=01;35:*.svgz=01;35:*.mng=01;35:*.pcx=01;35:*.mov=01;35:*.mpg=01;35:*.mpeg=01;35:*.m2v=01;35:*.mkv=01;35:*.webm=01;35:*.webp=01;35:*.ogm=01;35:*.mp4=01;35:*.m4v=01;35:*.mp4v=01;35:*.vob=01;35:*.qt=01;35:*.nuv=01;35:*.wmv=01;35:*.asf=01;35:*.rm=01;35:*.rmvb=01;35:*.flc=01;35:*.avi=01;35:*.fli=01;35:*.flv=01;35:*.gl=01;35:*.dl=01;35:*.xcf=01;35:*.xwd=01;35:*.yuv=01;35:*.cgm=01;35:*.emf=01;35:*.ogv=01;35:*.ogx=01;35:*.aac=00;36:*.au=00;36:*.flac=00;36:*.m4a=00;36:*.mid=00;36:*.midi=00;36:*.mka=00;36:*.mp3=00;36:*.mpc=00;36:*.ogg=00;36:*.ra=00;36:*.wav=00;36:*.oga=00;36:*.opus=00;36:*.spx=00;36:*.xspf=00;36:', 'VSCODE_GIT_IPC_HANDLE': '/run/user/1000/vscode-git-5356aa5f03.sock', 'GNOME_TERMINAL_SERVICE': ':1.110', 'TERM_PROGRAM': 'vscode', 'SSH_AGENT_LAUNCHER': 'gnome-keyring', 'SSH_AUTH_SOCK': '/run/user/1000/keyring/ssh', 'AMENT_PREFIX_PATH': '/home/tarun/surveillance_bot/ros2/ws/install/edgevision_ros:/home/tarun/surveillance_bot/ros2/ws/install/edgevision_msgs:/opt/ros/humble', 'SHELL': '/bin/bash', 'QT_ACCESSIBILITY': '1', 'GDMSESSION': 'ubuntu', 'LESSCLOSE': '/usr/bin/lesspipe %s %s', 'VIRTUAL_ENV': '/home/tarun/surveillance_bot/.venv', 'VSCODE_GIT_ASKPASS_EXTRA_ARGS': '', 'QT_IM_MODULE': 'ibus', 'PWD': '/home/tarun/surveillance_bot/ros2/ws/build/edgevision_ros', 'LC_ALL': 'en_US.UTF-8', 'XDG_CONFIG_DIRS': '/etc/xdg/xdg-ubuntu:/etc/xdg', 'COPILOT_DEBUG_NONCE': '83c486256e58f104af75e9cc936a28cc', 'XDG_DATA_DIRS': '/usr/share/ubuntu:/usr/local/share/:/usr/share/:/var/lib/snapd/desktop', 'PYTHONPATH': '/home/tarun/surveillance_bot/ros2/ws/build/edgevision_ros/prefix_override:/usr/lib/python3/dist-packages/colcon_core/task/python/colcon_distutils_commands:/home/tarun/surveillance_bot/ros2/ws/install/edgevision_ros/lib/python3.10/site-packages:/home/tarun/surveillance_bot/ros2/ws/install/edgevision_msgs/lib/python3.10/site-packages:/home/tarun/surveillance_bot/ros2/ws/build/edgevision_ros:/home/tarun/surveillance_bot/ros2/ws/install/edgevision_ros/lib/python3.10/site-packages:/opt/ros/humble/lib/python3.10/site-packages:/opt/ros/humble/local/lib/python3.10/dist-packages:/home/tarun/surveillance_bot:/home/tarun/surveillance_bot', 'COLCON': '1', 'VTE_VERSION': '6800', 'CMAKE_PREFIX_PATH': '/home/tarun/surveillance_bot/ros2/ws/install/edgevision_msgs'}, 'shell': False}
[13.467052] (-) TimerEvent: {}
[13.567436] (-) TimerEvent: {}
[13.667786] (-) TimerEvent: {}
[13.768547] (-) TimerEvent: {}
[13.842879] (edgevision_ros) StdoutLine: {'line': b'running develop\n'}
[13.868668] (-) TimerEvent: {}
[13.969124] (-) TimerEvent: {}
[14.061857] (edgevision_ros) StdoutLine: {'line': b'running egg_info\n'}
[14.062065] (edgevision_ros) StdoutLine: {'line': b'creating edgevision_ros.egg-info\n'}
[14.062200] (edgevision_ros) StdoutLine: {'line': b'writing edgevision_ros.egg-info/PKG-INFO\n'}
[14.062550] (edgevision_ros) StdoutLine: {'line': b'writing dependency_links to edgevision_ros.egg-info/dependency_links.txt\n'}
[14.062765] (edgevision_ros) StdoutLine: {'line': b'writing entry points to edgevision_ros.egg-info/entry_points.txt\n'}
[14.062880] (edgevision_ros) StdoutLine: {'line': b'writing requirements to edgevision_ros.egg-info/requires.txt\n'}
[14.062983] (edgevision_ros) StdoutLine: {'line': b'writing top-level names to edgevision_ros.egg-info/top_level.txt\n'}
[14.063298] (edgevision_ros) StdoutLine: {'line': b"writing manifest file 'edgevision_ros.egg-info/SOURCES.txt'\n"}
[14.065633] (edgevision_ros) StdoutLine: {'line': b"reading manifest file 'edgevision_ros.egg-info/SOURCES.txt'\n"}
[14.066425] (edgevision_ros) StdoutLine: {'line': b"writing manifest file 'edgevision_ros.egg-info/SOURCES.txt'\n"}
[14.068378] (edgevision_ros) StdoutLine: {'line': b'running build_ext\n'}
[14.068599] (edgevision_ros) StdoutLine: {'line': b'Creating /home/tarun/surveillance_bot/ros2/ws/install/edgevision_ros/lib/python3.10/site-packages/edgevision-ros.egg-link (link to .)\n'}
[14.069196] (-) TimerEvent: {}
[14.069956] (edgevision_ros) StdoutLine: {'line': b'Installing camera_node script to /home/tarun/surveillance_bot/ros2/ws/install/edgevision_ros/lib/edgevision_ros\n'}
[14.070213] (edgevision_ros) StdoutLine: {'line': b'Installing detector_node script to /home/tarun/surveillance_bot/ros2/ws/install/edgevision_ros/lib/edgevision_ros\n'}
[14.070389] (edgevision_ros) StdoutLine: {'line': b'Installing event_logger_node script to /home/tarun/surveillance_bot/ros2/ws/install/edgevision_ros/lib/edgevision_ros\n'}
[14.070591] (edgevision_ros) StdoutLine: {'line': b'Installing face_node script to /home/tarun/surveillance_bot/ros2/ws/install/edgevision_ros/lib/edgevision_ros\n'}
[14.070721] (edgevision_ros) StdoutLine: {'line': b'Installing perception_node script to /home/tarun/surveillance_bot/ros2/ws/install/edgevision_ros/lib/edgevision_ros\n'}
[14.070838] (edgevision_ros) StdoutLine: {'line': b'Installing tracker_node script to /home/tarun/surveillance_bot/ros2/ws/install/edgevision_ros/lib/edgevision_ros\n'}
[14.071116] (edgevision_ros) StdoutLine: {'line': b'\n'}
[14.071219] (edgevision_ros) StdoutLine: {'line': b'Installed /home/tarun/surveillance_bot/ros2/ws/build/edgevision_ros\n'}
[14.071361] (edgevision_ros) StdoutLine: {'line': b'running symlink_data\n'}
[14.071474] (edgevision_ros) StdoutLine: {'line': b'creating /home/tarun/surveillance_bot/ros2/ws/install/edgevision_ros/share/ament_index\n'}
[14.071630] (edgevision_ros) StdoutLine: {'line': b'creating /home/tarun/surveillance_bot/ros2/ws/install/edgevision_ros/share/ament_index/resource_index\n'}
[14.071741] (edgevision_ros) StdoutLine: {'line': b'creating /home/tarun/surveillance_bot/ros2/ws/install/edgevision_ros/share/ament_index/resource_index/packages\n'}
[14.071847] (edgevision_ros) StdoutLine: {'line': b'symbolically linking /home/tarun/surveillance_bot/ros2/ws/build/edgevision_ros/resource/edgevision_ros -> /home/tarun/surveillance_bot/ros2/ws/install/edgevision_ros/share/ament_index/resource_index/packages\n'}
[14.071986] (edgevision_ros) StdoutLine: {'line': b'symbolically linking /home/tarun/surveillance_bot/ros2/ws/build/edgevision_ros/package.xml -> /home/tarun/surveillance_bot/ros2/ws/install/edgevision_ros/share/edgevision_ros\n'}
[14.126587] (edgevision_ros) CommandEnded: {'returncode': 0}
[14.149260] (edgevision_ros) JobEnded: {'identifier': 'edgevision_ros', 'rc': 0}
[14.150943] (-) EventReactorShutdown: {}
